ItemCode,Description,Unit,Quantity,UnitPrice,TotalPrice
ITEM0001,Construction work item ITEM0001,m2,200.54,292.09,58575.73
ITEM0002,Construction work item ITEM0002,kg,223.14,277.93,62017.3
ITEM0003,Construction work item ITEM0003,m2,100.88,811.23,81836.88
ITEM0004,Construction work item ITEM0004,m2,214.04,542.36,116086.73
ITEM0005,Construction work item ITEM0005,m,32.74,733.55,24016.43
ITEM0006,Construction work item ITEM0006,hr,167.31,148.11,24780.28
ITEM0007,Construction work item ITEM0007,pcs,190.53,140.06,26685.63
ITEM0008,Construction work item ITEM0008,pcs,3.66,306.95,1123.44
ITEM0009,Construction work item ITEM0009,hr,87.91,430.28,37825.91
ITEM0010,Construction work item ITEM0010,m,168.99,610.43,103156.57
ITEM0011,Construction work item ITEM0011,kg,204.52,55.35,11320.18
ITEM0012,Construction work item ITEM0012,kg,153.21,842.44,129070.23
ITEM0013,Construction work item ITEM0013,m2,34.85,768.02,26765.5
ITEM0014,Construction work item ITEM0014,hr,6.02,785.62,4729.43
ITEM0016,Construction work item ITEM0016,kg,243.62,519.01,126441.22
ITEM0017,Construction work item ITEM0017,m,34.86,323.74,11285.58
ITEM0018,Construction work item ITEM0018,hr,98.35,604.39,59441.76
ITEM0019,Construction work item ITEM0019,m,168.89,422.76,71399.94
ITEM0020,Construction work item ITEM0020,kg,149.34,173.82,25958.28
ITEM0021,Construction work item ITEM0021,pcs,183.76,31.46,5781.09
ITEM0022,Construction work item ITEM0022,kg,196.61,18.18,3574.37
ITEM0023,Construction work item ITEM0023,hr,151.01,371.04,56030.75
ITEM0024,Construction work item ITEM0024,kg,190.38,736.26,140169.18
ITEM0025,Construction work item ITEM0025,pcs,115.62,545.27,63044.12
ITEM0026,Construction work item ITEM0026,m,55.15,191.32,10551.3
ITEM0027,Construction work item ITEM0027,m,121.74,727.49,88564.63
ITEM0028,Construction work item ITEM0028,hr,109.8,558.52,61325.5
ITEM0029,Construction work item ITEM0029,pcs,36.62,227.34,8325.19
ITEM0030,Construction work item ITEM0030,hr,14.07,686.48,9658.77
ITEM0031,Construction work item ITEM0031,m2,244.81,390.55,95610.55
ITEM0032,Construction work item ITEM0032,kg,42.37,175.56,7438.48
ITEM0033,Construction work item ITEM0033,pcs,175.47,210.61,36955.74
ITEM0034,Construction work item ITEM0034,kg,109.85,354.84,38979.17
ITEM0035,Construction work item ITEM0035,kg,181.38,549.08,99592.13
ITEM0036,Construction work item ITEM0036,m2,185.83,57.62,10707.52
ITEM0037,Construction work item ITEM0037,m2,166.74,375.18,62557.51
ITEM0038,Construction work item ITEM0038,m2,234.23,449.65,105321.52
ITEM0039,Construction work item ITEM0039,m2,229.31,89.21,20456.75
ITEM0040,Construction work item ITEM0040,m,95.74,528.42,50590.93
ITEM0041,Construction work item ITEM0041,m,36.76,149.54,5497.09
ITEM0042,Construction work item ITEM0042,m,200.94,722.92,145263.54
ITEM0043,Construction work item ITEM0043,m2,132.72,245.62,32598.69
ITEM0044,Construction work item ITEM0044,m2,106.19,401.51,42636.35
ITEM0045,Construction work item ITEM0045,m2,39.76,558.33,22199.2
ITEM0046,Construction work item ITEM0046,m2,134.13,121.68,16320.94
ITEM0047,Construction work item ITEM0047,hr,67.78,42.3,2867.09
ITEM0048,Construction work item ITEM0048,m,120.27,611.21,73510.23
ITEM0049,Construction work item ITEM0049,pcs,39.74,447.17,17770.54
ITEM0050,Construction work item ITEM0050,m2,178.55,752.79,134410.65
ITEM0051,Construction work item ITEM0051,pcs,216.55,532.75,115367.01
ITEM0052,Construction work item ITEM0052,pcs,189.24,757.77,143400.39
ITEM0053,Construction work item ITEM0053,m2,49.94,67.36,3363.96
ITEM0054,Construction work item ITEM0054,hr,16.21,757.23,12274.7
ITEM0055,Construction work item ITEM0055,kg,138.61,241.62,33490.95
ITEM0056,Construction work item ITEM0056,m,224.58,408.48,91736.44
ITEM0057,Construction work item ITEM0057,kg,201.43,10.1,2034.44
ITEM0058,Construction work item ITEM0058,m,224.52,205.5,46138.86
ITEM0059,Construction work item ITEM0059,hr,13.98,589.64,8243.17
ITEM0060,Construction work item ITEM0060,kg,171.28,794.6,136099.09
ITEM0061,Construction work item ITEM0061,m,184.46,513.94,94801.37
ITEM0062,Construction work item ITEM0062,kg,46.89,306.18,14356.78
ITEM0063,Construction work item ITEM0063,hr,170.68,193.15,32966.84
ITEM0064,Construction work item ITEM0064,pcs,135.0,406.97,54940.95
ITEM0065,Construction work item ITEM0065,m2,227.82,520.76,118639.54
ITEM0066,Construction work item ITEM0066,pcs,191.97,271.18,52058.42
ITEM0067,Construction work item ITEM0067,hr,220.79,256.18,56561.98
ITEM0068,Construction work item ITEM0068,m,118.08,307.71,36334.4
ITEM0069,Construction work item ITEM0069,kg,212.03,268.08,56841.0
ITEM0070,Construction work item ITEM0070,m,2.83,410.26,1161.04
ITEM0071,Construction work item ITEM0071,m,104.42,75.14,7846.12
ITEM0072,Construction work item ITEM0072,m2,165.09,708.35,116941.5
ITEM0073,Construction work item ITEM0073,kg,137.92,181.05,24970.42
ITEM0074,Construction work item ITEM0074,m,250.84,91.91,23054.7
ITEM0075,Construction work item ITEM0075,hr,56.94,136.6,7778.0
ITEM0076,Construction work item ITEM0076,kg,3.16,370.98,1172.3
ITEM0077,Construction work item ITEM0077,m2,225.99,397.22,89767.75
ITEM0078,Construction work item ITEM0078,m,235.32,550.98,129656.61
ITEM0079,Construction work item ITEM0079,pcs,97.25,18.01,1751.47
ITEM0080,Construction work item ITEM0080,pcs,76.33,538.25,41084.62
ITEM0081,Construction work item ITEM0081,hr,136.95,189.75,25986.26
ITEM0083,Construction work item ITEM0083,m,37.5,279.52,10482.0
ITEM0085,Construction work item ITEM0085,pcs,70.76,183.11,12956.86
ITEM0086,Construction work item ITEM0086,hr,205.76,55.04,11325.03
ITEM0087,Construction work item ITEM0087,hr,146.64,338.67,49662.57
ITEM0088,Construction work item ITEM0088,kg,58.95,564.68,33287.89
ITEM0089,Construction work item ITEM0089,kg,4.71,161.51,760.71
ITEM0090,Construction work item ITEM0090,m2,131.4,324.62,42655.07
ITEM0091,Construction work item ITEM0091,m,61.31,430.11,26370.04
ITEM0092,Construction work item ITEM0092,hr,71.34,106.79,7618.4
ITEM0093,Construction work item ITEM0093,hr,86.62,518.33,44897.74
ITEM0094,Construction work item ITEM0094,m2,82.56,407.22,33620.08
ITEM0095,Construction work item ITEM0095,m2,242.12,824.19,199552.88
ITEM0096,Construction work item ITEM0096,m,22.9,575.54,13179.87
ITEM0097,Construction work item ITEM0097,kg,206.32,383.8,79185.62
ITEM0098,Construction work item ITEM0098,kg,63.29,328.65,20800.26
ITEM0099,Construction work item ITEM0099,pcs,72.77,760.46,55338.67
ITEM0100,Construction work item ITEM0100,m,36.14,586.27,21187.8
ITEM0101,Construction work item ITEM0101,m,77.38,835.41,64644.03
ITEM0102,Construction work item ITEM0102,kg,68.22,516.5,35235.63
ITEM0103,Construction work item ITEM0103,m2,33.83,93.3,3156.34
ITEM0104,Construction work item ITEM0104,m2,12.13,319.43,3874.69
ITEM0105,Construction work item ITEM0105,m,107.01,271.51,29054.29
ITEM0106,Construction work item ITEM0106,m,184.63,472.12,87167.52
ITEM0107,Construction work item ITEM0107,hr,250.06,858.87,214769.03
ITEM0108,Construction work item ITEM0108,m,100.95,400.05,40385.05
ITEM0109,Construction work item ITEM0109,hr,195.47,536.84,104936.11
ITEM0110,Construction work item ITEM0110,m2,246.43,568.77,140161.99
ITEM0111,Construction work item ITEM0111,hr,142.7,8.64,1232.93
ITEM0112,Construction work item ITEM0112,hr,43.39,371.15,16104.2
ITEM0113,Construction work item ITEM0113,hr,25.69,789.21,20274.8
ITEM0114,Construction work item ITEM0114,kg,99.1,83.52,8276.83
ITEM0115,Construction work item ITEM0115,m,132.54,528.62,70063.29
ITEM0116,Construction work item ITEM0116,kg,129.4,430.77,55741.64
ITEM0117,Construction work item ITEM0117,hr,90.86,681.44,61915.64
ITEM0118,Construction work item ITEM0118,pcs,54.9,143.59,7883.09
ITEM0119,Construction work item ITEM0119,pcs,162.59,490.0,79669.1
ITEM0120,Construction work item ITEM0120,kg,43.57,421.7,18373.47
ITEM0121,Construction work item ITEM0121,hr,139.67,663.6,92685.01
ITEM0122,Construction work item ITEM0122,pcs,18.14,824.64,14958.97
ITEM0123,Construction work item ITEM0123,pcs,111.88,315.77,35328.35
ITEM0124,Construction work item ITEM0124,hr,14.34,474.31,6801.61
ITEM0125,Construction work item ITEM0125,m,202.35,619.18,125291.07
ITEM0126,Construction work item ITEM0126,m2,262.9,375.2,98640.08
ITEM0127,Construction work item ITEM0127,m2,93.05,515.11,47930.99
ITEM0128,Construction work item ITEM0128,kg,171.8,722.75,124168.45
ITEM0129,Construction work item ITEM0129,kg,108.84,188.32,20496.75
ITEM0130,Construction work item ITEM0130,m,243.96,400.08,97603.52
ITEM0131,Construction work item ITEM0131,kg,203.95,224.8,45847.96
ITEM0132,Construction work item ITEM0132,kg,66.27,278.51,18456.86
ITEM0133,Construction work item ITEM0133,m2,123.79,324.02,40110.44
ITEM0134,Construction work item ITEM0134,m2,207.72,34.69,7205.81
ITEM0135,Construction work item ITEM0135,m2,259.17,317.83,82372.0
ITEM0136,Construction work item ITEM0136,kg,76.87,434.15,33373.11
ITEM0137,Construction work item ITEM0137,kg,102.03,730.73,74556.38
ITEM0138,Construction work item ITEM0138,pcs,54.35,783.31,42572.9
ITEM0139,Construction work item ITEM0139,m2,44.38,669.5,29712.41
ITEM0140,Construction work item ITEM0140,pcs,269.71,349.44,94247.46
ITEM0141,Construction work item ITEM0141,m,88.26,681.96,60189.79
ITEM0142,Construction work item ITEM0142,kg,159.66,231.98,37037.93
ITEM0143,Construction work item ITEM0143,pcs,38.43,708.2,27216.13
ITEM0144,Construction work item ITEM0144,m2,234.14,294.57,68970.62
ITEM0145,Construction work item ITEM0145,m,109.96,449.61,49439.12
ITEM0146,Construction work item ITEM0146,m,218.82,159.56,34914.92
ITEM0147,Construction work item ITEM0147,m,139.55,31.48,4393.03
ITEM0149,Construction work item ITEM0149,pcs,124.37,639.0,79472.43
ITEM0150,Construction work item ITEM0150,m,248.44,655.62,162882.23
ITEM0151,Construction work item ITEM0151,kg,212.04,395.41,83842.74
ITEM0152,Construction work item ITEM0152,m,208.12,243.28,50631.43
ITEM0153,Construction work item ITEM0153,pcs,199.03,325.31,64746.45
ITEM0154,Construction work item ITEM0154,m,200.8,576.99,115859.59
ITEM0155,Construction work item ITEM0155,hr,224.12,249.56,55931.39
ITEM0156,Construction work item ITEM0156,m,191.45,527.45,100980.3
ITEM0157,Construction work item ITEM0157,pcs,242.98,606.08,147265.32
ITEM0158,Construction work item ITEM0158,m2,190.4,283.61,53999.34
ITEM0159,Construction work item ITEM0159,pcs,109.76,392.61,43092.87
ITEM0160,Construction work item ITEM0160,pcs,48.1,27.91,1342.47
ITEM0161,Construction work item ITEM0161,hr,259.13,848.09,219765.56
ITEM0162,Construction work item ITEM0162,hr,200.04,69.85,13972.79
ITEM0163,Construction work item ITEM0163,hr,103.59,634.65,65743.39
ITEM0164,Construction work item ITEM0164,pcs,240.17,338.87,81386.41
ITEM0165,Construction work item ITEM0165,kg,179.62,411.69,73947.76
ITEM0166,Construction work item ITEM0166,kg,229.72,145.5,33424.26
ITEM0167,Construction work item ITEM0167,kg,30.05,423.0,12711.15
ITEM0168,Construction work item ITEM0168,kg,79.91,355.2,28384.03
ITEM0169,Construction work item ITEM0169,m2,92.56,216.9,20076.26
ITEM0170,Construction work item ITEM0170,pcs,169.13,605.14,102347.33
ITEM0171,Construction work item ITEM0171,hr,85.77,142.35,12209.36
ITEM0172,Construction work item ITEM0172,hr,166.17,104.17,17309.93
ITEM0173,Construction work item ITEM0173,pcs,246.92,280.86,69349.95
ITEM0174,Construction work item ITEM0174,m,130.75,700.86,91637.44
ITEM0175,Construction work item ITEM0175,m,241.49,506.48,122309.86
ITEM0176,Construction work item ITEM0176,hr,14.89,444.33,6616.07
ITEM0177,Construction work item ITEM0177,pcs,233.18,795.92,185592.63
ITEM0178,Construction work item ITEM0178,m2,214.51,188.0,40327.88
ITEM0179,Construction work item ITEM0179,m2,173.37,181.29,31430.25
ITEM0180,Construction work item ITEM0180,hr,105.23,95.64,10064.2
ITEM0181,Construction work item ITEM0181,m,193.74,384.97,74584.09
ITEM0182,Construction work item ITEM0182,pcs,137.49,680.48,93559.2
ITEM0183,Construction work item ITEM0183,hr,53.86,358.43,19305.04
ITEM0184,Construction work item ITEM0184,kg,24.64,225.33,5552.13
ITEM0185,Construction work item ITEM0185,hr,19.69,558.42,10995.29
ITEM0186,Construction work item ITEM0186,m,32.02,596.52,19100.57
ITEM0187,Construction work item ITEM0187,pcs,99.96,159.07,15900.64
ITEM0188,Construction work item ITEM0188,m,37.34,324.83,12129.15
ITEM0189,Construction work item ITEM0189,pcs,194.6,264.47,51465.86
ITEM0190,Construction work item ITEM0190,hr,128.1,52.19,6685.54
ITEM0191,Construction work item ITEM0191,m,275.41,274.67,75646.86
ITEM0192,Construction work item ITEM0192,kg,85.25,279.5,23827.38
ITEM0194,Construction work item ITEM0194,kg,229.88,422.4,97101.31
ITEM0195,Construction work item ITEM0195,kg,144.16,131.23,18918.12
ITEM0196,Construction work item ITEM0196,kg,46.79,215.36,10076.69
ITEM0197,Construction work item ITEM0197,kg,28.87,144.83,4181.24
ITEM0198,Construction work item ITEM0198,pcs,150.84,247.0,37257.48
ITEM0199,Construction work item ITEM0199,pcs,48.33,466.51,22546.43
ITEM0200,Construction work item ITEM0200,kg,86.77,396.27,34384.35
ITEM0201,Construction work item ITEM0201,m,172.81,209.12,36138.03
ITEM0202,Construction work item ITEM0202,m2,113.68,765.39,87009.54
ITEM0203,Construction work item ITEM0203,hr,207.05,467.5,96795.88
ITEM0204,Construction work item ITEM0204,m2,187.66,307.2,57649.15
ITEM0205,Construction work item ITEM0205,pcs,147.46,283.57,41815.23
ITEM0206,Construction work item ITEM0206,m,58.56,405.11,23723.24
ITEM0207,Construction work item ITEM0207,m2,45.19,232.16,10491.31
ITEM0208,Construction work item ITEM0208,m,19.05,656.2,12500.61
ITEM0209,Construction work item ITEM0209,kg,225.99,270.62,61157.41
ITEM0210,Construction work item ITEM0210,m2,88.51,193.11,17092.17
ITEM0211,Construction work item ITEM0211,pcs,196.22,333.44,65427.6
ITEM0212,Construction work item ITEM0212,m2,197.5,559.34,110469.65
ITEM0213,Construction work item ITEM0213,pcs,251.45,141.54,35590.23
ITEM0214,Construction work item ITEM0214,m,123.53,339.67,41959.44
ITEM0215,Construction work item ITEM0215,hr,196.19,353.28,69310.0
ITEM0216,Construction work item ITEM0216,kg,47.02,181.39,8528.96
ITEM0217,Construction work item ITEM0217,m,69.55,341.71,23765.93
ITEM0218,Construction work item ITEM0218,m2,248.73,620.15,154249.91
ITEM0219,Construction work item ITEM0219,hr,95.03,470.66,44726.82
ITEM0220,Construction work item ITEM0220,pcs,232.03,728.63,169064.02
ITEM0221,Construction work item ITEM0221,pcs,97.15,583.68,56704.51
ITEM0222,Construction work item ITEM0222,m,84.17,277.17,23329.4
ITEM0223,Construction work item ITEM0223,pcs,240.3,285.55,68617.67
ITEM0224,Construction work item ITEM0224,hr,60.63,748.1,45357.3
ITEM0225,Construction work item ITEM0225,kg,258.28,697.36,180114.14
ITEM0226,Construction work item ITEM0226,hr,195.43,117.5,22963.02
ITEM0227,Construction work item ITEM0227,hr,71.23,547.25,38980.62
ITEM0228,Construction work item ITEM0228,m2,68.33,328.65,22456.65
ITEM0229,Construction work item ITEM0229,pcs,60.84,353.46,21504.51
ITEM0230,Construction work item ITEM0230,m,234.0,157.5,36855.0
ITEM0231,Construction work item ITEM0231,pcs,117.59,732.77,86166.42
ITEM0232,Construction work item ITEM0232,hr,111.99,509.14,57018.59
ITEM0233,Construction work item ITEM0233,m,215.95,224.97,48582.27
ITEM0234,Construction work item ITEM0234,hr,125.22,534.43,66921.32
ITEM0235,Construction work item ITEM0235,pcs,79.7,697.27,55572.42
ITEM0236,Construction work item ITEM0236,hr,149.58,409.83,61302.37
ITEM0237,Construction work item ITEM0237,pcs,239.42,509.72,122037.16
ITEM0238,Construction work item ITEM0238,m2,39.02,712.97,27820.09
ITEM0239,Construction work item ITEM0239,m,50.93,838.05,42681.89
ITEM0240,Construction work item ITEM0240,m,103.45,712.22,73679.16
ITEM0241,Construction work item ITEM0241,kg,107.49,709.6,76274.9
ITEM0242,Construction work item ITEM0242,m,210.74,345.1,72726.37
ITEM0243,Construction work item ITEM0243,m2,229.84,135.2,31074.37
ITEM0244,Construction work item ITEM0244,kg,44.76,437.68,19590.56
ITEM0245,Construction work item ITEM0245,hr,244.13,435.53,106325.94
ITEM0246,Construction work item ITEM0246,pcs,215.31,669.31,144109.14
ITEM0247,Construction work item ITEM0247,hr,18.16,717.52,13030.16
ITEM0248,Construction work item ITEM0248,pcs,234.79,872.54,204863.67
ITEM0249,Construction work item ITEM0249,pcs,119.28,86.82,10355.89
ITEM0250,Construction work item ITEM0250,m2,2.25,252.03,567.07
ITEM0251,Construction work item ITEM0251,m2,89.83,385.46,34625.87
ITEM0252,Construction work item ITEM0252,kg,166.29,230.82,38383.06
ITEM0253,Construction work item ITEM0253,m2,220.09,141.37,31114.12
ITEM0254,Construction work item ITEM0254,m2,209.47,84.59,17719.07
ITEM0255,Construction work item ITEM0255,pcs,224.45,675.48,151611.49
ITEM0256,Construction work item ITEM0256,m2,225.43,578.62,130438.31
ITEM0257,Construction work item ITEM0257,hr,34.18,305.07,10427.29
ITEM0258,Construction work item ITEM0258,hr,107.57,540.34,58124.37
ITEM0259,Construction work item ITEM0259,hr,70.31,229.13,16110.13
ITEM0260,Construction work item ITEM0260,kg,61.25,510.73,31282.21
ITEM0261,Construction work item ITEM0261,pcs,218.26,420.72,91826.35
ITEM0262,Construction work item ITEM0262,hr,144.02,73.19,10540.82
ITEM0263,Construction work item ITEM0263,m2,17.43,456.09,7949.65
ITEM0264,Construction work item ITEM0264,hr,222.78,530.65,118218.21
ITEM0265,Construction work item ITEM0265,pcs,221.12,152.99,33829.15
ITEM0266,Construction work item ITEM0266,m2,23.75,120.86,2870.42
ITEM0267,Construction work item ITEM0267,hr,53.31,171.19,9126.14
ITEM0268,Construction work item ITEM0268,pcs,235.57,764.1,179999.04
ITEM0269,Construction work item ITEM0269,kg,163.9,394.76,64701.16
ITEM0270,Construction work item ITEM0270,hr,234.98,607.1,142656.36
ITEM0271,Construction work item ITEM0271,pcs,50.23,607.96,30537.83
ITEM0272,Construction work item ITEM0272,hr,243.7,792.25,193071.32
ITEM0273,Construction work item ITEM0273,m,91.76,241.82,22189.4
ITEM0274,Construction work item ITEM0274,kg,181.96,299.98,54584.36
ITEM0275,Construction work item ITEM0275,m,239.01,70.73,16905.18
ITEM0276,Construction work item ITEM0276,hr,49.87,119.41,5954.98
ITEM0277,Construction work item ITEM0277,m2,101.36,177.24,17965.05
ITEM0278,Construction work item ITEM0278,hr,255.91,745.0,190652.95
ITEM0279,Construction work item ITEM0279,m,78.26,508.92,39828.08
ITEM0280,Construction work item ITEM0280,m,167.07,106.64,17816.34
ITEM0281,Construction work item ITEM0281,kg,120.71,844.01,101880.45
ITEM0282,Construction work item ITEM0282,kg,118.27,74.17,8772.09
ITEM0283,Construction work item ITEM0283,hr,173.51,488.19,84705.85
ITEM0284,Construction work item ITEM0284,m,55.81,519.59,28998.32
ITEM0285,Construction work item ITEM0285,m,20.97,35.9,752.82
ITEM0286,Construction work item ITEM0286,kg,198.03,331.61,65668.73
ITEM0287,Construction work item ITEM0287,pcs,29.52,471.19,13909.53
ITEM0288,Construction work item ITEM0288,pcs,34.78,572.39,19907.72
ITEM0289,Construction work item ITEM0289,kg,177.77,380.08,67566.82
ITEM0290,Construction work item ITEM0290,pcs,187.25,336.67,63041.46
ITEM0291,Construction work item ITEM0291,m2,249.36,622.71,155278.97
ITEM0292,Construction work item ITEM0292,kg,195.0,684.61,133498.95
ITEM0293,Construction work item ITEM0293,pcs,212.97,536.34,114224.33
ITEM0294,Construction work item ITEM0294,pcs,263.1,739.72,194620.33
ITEM0295,Construction work item ITEM0295,m2,91.79,44.3,4066.3
ITEM0296,Construction work item ITEM0296,kg,73.84,445.76,32914.92
ITEM0297,Construction work item ITEM0297,kg,103.02,202.0,20810.04
ITEM0298,Construction work item ITEM0298,m,168.36,702.7,118306.57
ITEM0299,Construction work item ITEM0299,m2,114.96,46.05,5293.91
ITEM0300,Construction work item ITEM0300,m2,154.9,148.25,22963.92
ITEM0301,Construction work item ITEM0301,m2,24.19,771.1,18652.91
ITEM0302,Construction work item ITEM0302,m2,149.96,410.83,61608.07
ITEM0303,Construction work item ITEM0303,m2,124.19,209.4,26005.39
ITEM0304,Construction work item ITEM0304,pcs,148.96,23.32,3473.75
ITEM0305,Construction work item ITEM0305,hr,252.36,262.34,66204.12
ITEM0306,Construction work item ITEM0306,m,19.75,129.67,2560.98
ITEM0307,Construction work item ITEM0307,m,137.48,129.66,17825.66
ITEM0308,Construction work item ITEM0308,m,34.1,790.7,26962.87
ITEM0309,Construction work item ITEM0309,hr,251.61,595.51,149836.27
ITEM0310,Construction work item ITEM0310,m2,177.03,241.45,42743.89
ITEM0311,Construction work item ITEM0311,hr,171.22,236.45,40484.97
ITEM0312,Construction work item ITEM0312,pcs,92.95,289.59,26917.39
ITEM0313,Construction work item ITEM0313,m,45.81,684.55,31359.24
ITEM0314,Construction work item ITEM0314,pcs,80.2,34.18,2741.24
ITEM0315,Construction work item ITEM0315,hr,83.11,294.65,24488.36
ITEM0316,Construction work item ITEM0316,hr,121.68,350.54,42653.71
ITEM0317,Construction work item ITEM0317,kg,192.83,677.43,130628.83
ITEM0318,Construction work item ITEM0318,m,250.07,504.96,126275.35
ITEM0319,Construction work item ITEM0319,kg,228.63,653.7,149455.43
ITEM0320,Construction work item ITEM0320,hr,116.83,693.3,80998.24
ITEM0321,Construction work item ITEM0321,hr,117.77,371.09,43703.27
ITEM0322,Construction work item ITEM0322,hr,75.18,668.97,50293.16
ITEM0323,Construction work item ITEM0323,pcs,48.09,579.36,27861.42
ITEM0324,Construction work item ITEM0324,kg,230.2,593.91,136718.08
ITEM0325,Construction work item ITEM0325,hr,108.39,654.8,70973.77
ITEM0326,Construction work item ITEM0326,kg,143.83,104.23,14991.4
ITEM0327,Construction work item ITEM0327,m2,27.67,334.26,9248.97
ITEM0328,Construction work item ITEM0328,m2,262.5,311.56,81784.5
ITEM0329,Construction work item ITEM0329,m2,222.37,756.19,168153.97
ITEM0330,Construction work item ITEM0330,pcs,212.58,680.09,144573.53
ITEM0331,Construction work item ITEM0331,hr,111.77,452.16,50537.92
ITEM0332,Construction work item ITEM0332,m2,99.53,156.08,15534.64
ITEM0333,Construction work item ITEM0333,pcs,16.61,394.67,6555.47
ITEM0334,Construction work item ITEM0334,hr,49.91,567.97,28347.38
ITEM0335,Construction work item ITEM0335,m2,161.22,894.78,144256.43
ITEM0336,Construction work item ITEM0336,m2,168.24,862.86,145167.57
ITEM0337,Construction work item ITEM0337,kg,204.27,697.82,142543.69
ITEM0338,Construction work item ITEM0338,m,101.22,785.26,79484.02
ITEM0339,Construction work item ITEM0339,kg,6.2,170.89,1059.52
ITEM0340,Construction work item ITEM0340,hr,134.42,289.95,38975.08
ITEM0341,Construction work item ITEM0341,kg,68.62,758.06,52018.08
ITEM0342,Construction work item ITEM0342,m,124.15,53.34,6622.16
ITEM0343,Construction work item ITEM0343,m,146.3,803.17,117503.77
ITEM0344,Construction work item ITEM0344,m2,104.47,542.49,56673.93
ITEM0345,Construction work item ITEM0345,m,66.47,539.72,35875.19
ITEM0346,Construction work item ITEM0346,pcs,166.11,590.05,98013.21
ITEM0347,Construction work item ITEM0347,m,2.78,439.18,1220.92
ITEM0348,Construction work item ITEM0348,kg,55.71,171.19,9536.99
ITEM0349,Construction work item ITEM0349,hr,40.78,76.13,3104.58
ITEM0350,Construction work item ITEM0350,pcs,242.35,705.3,170929.46
ITEM0351,Construction work item ITEM0351,pcs,143.3,414.63,59416.48
ITEM0352,Construction work item ITEM0352,pcs,20.33,381.99,7765.86
ITEM0353,Construction work item ITEM0353,m2,258.97,95.22,24659.12
ITEM0354,Construction work item ITEM0354,kg,184.81,798.58,147585.57
ITEM0355,Construction work item ITEM0355,pcs,174.93,128.99,22564.22
ITEM0356,Construction work item ITEM0356,m,37.35,535.54,20002.42
ITEM0357,Construction work item ITEM0357,pcs,132.92,661.55,87933.23
ITEM0358,Construction work item ITEM0358,kg,211.08,106.94,22572.9
ITEM0359,Construction work item ITEM0359,m,192.35,255.26,49099.26
ITEM0360,Construction work item ITEM0360,pcs,186.25,625.36,116473.3
ITEM0361,Construction work item ITEM0361,hr,247.34,96.76,23932.62
ITEM0362,Construction work item ITEM0362,hr,155.88,349.76,54520.59
ITEM0363,Construction work item ITEM0363,kg,203.54,76.46,15562.67
ITEM0364,Construction work item ITEM0364,kg,101.37,807.99,81905.95
ITEM0365,Construction work item ITEM0365,m,192.36,518.9,99815.6
ITEM0366,Construction work item ITEM0366,m2,30.89,717.84,22174.08
ITEM0367,Construction work item ITEM0367,kg,32.43,11.55,374.57
ITEM0368,Construction work item ITEM0368,m,7.72,583.6,4505.39
ITEM0369,Construction work item ITEM0369,m,185.88,890.71,165565.17
ITEM0370,Construction work item ITEM0370,m2,232.61,662.6,154127.39
ITEM0371,Construction work item ITEM0371,kg,158.19,279.63,44234.67
ITEM0372,Construction work item ITEM0372,m2,83.4,456.25,38051.25
ITEM0373,Construction work item ITEM0373,m,233.18,385.92,89988.83
ITEM0374,Construction work item ITEM0374,kg,120.45,464.61,55962.27
ITEM0375,Construction work item ITEM0375,kg,159.95,335.06,53592.85
ITEM0376,Construction work item ITEM0376,hr,133.59,209.47,27983.1
ITEM0378,Construction work item ITEM0378,m,122.65,606.66,74406.85
ITEM0379,Construction work item ITEM0379,kg,32.5,253.29,8231.92
ITEM0380,Construction work item ITEM0380,m2,210.01,736.87,154750.07
ITEM0381,Construction work item ITEM0381,m2,127.57,334.22,42636.45
ITEM0382,Construction work item ITEM0382,hr,244.22,307.7,75146.49
ITEM0383,Construction work item ITEM0383,m,48.61,204.03,9917.9
ITEM0384,Construction work item ITEM0384,hr,34.11,53.87,1837.51
ITEM0385,Construction work item ITEM0385,kg,254.2,24.08,6121.14
ITEM0386,Construction work item ITEM0386,m,170.75,402.62,68747.37
ITEM0387,Construction work item ITEM0387,pcs,18.29,598.46,10945.83
ITEM0388,Construction work item ITEM0388,pcs,20.31,612.26,12435.0
ITEM0389,Construction work item ITEM0389,kg,28.49,83.04,2365.81
ITEM0390,Construction work item ITEM0390,hr,51.79,294.36,15244.9
ITEM0391,Construction work item ITEM0391,m2,57.65,697.78,40227.02
ITEM0392,Construction work item ITEM0392,hr,258.88,147.3,38133.02
ITEM0393,Construction work item ITEM0393,pcs,238.79,863.52,206199.94
ITEM0394,Construction work item ITEM0394,m2,117.09,765.09,89584.39
ITEM0395,Construction work item ITEM0395,kg,194.06,408.73,79318.14
ITEM0396,Construction work item ITEM0396,m,193.74,786.05,152289.33
ITEM0397,Construction work item ITEM0397,hr,19.0,263.24,5001.56
ITEM0398,Construction work item ITEM0398,hr,19.07,737.92,14072.13
ITEM0399,Construction work item ITEM0399,m,105.82,741.41,78456.01
ITEM0400,Construction work item ITEM0400,m,219.29,163.01,35746.46
ITEM0401,Construction work item ITEM0401,m2,242.75,682.08,165574.92
ITEM0402,Construction work item ITEM0402,hr,144.11,164.91,23765.18
ITEM0403,Construction work item ITEM0403,pcs,21.3,254.71,5425.32
ITEM0404,Construction work item ITEM0404,m2,169.89,131.16,22282.77
ITEM0405,Construction work item ITEM0405,m,202.1,682.77,137987.82
ITEM0406,Construction work item ITEM0406,pcs,243.42,671.76,163519.82
ITEM0407,Construction work item ITEM0407,m,234.95,718.53,168818.62
ITEM0408,Construction work item ITEM0408,m,85.44,46.85,4002.86
ITEM0409,Construction work item ITEM0409,m2,155.44,55.94,8695.31
ITEM0410,Construction work item ITEM0410,hr,47.47,805.89,38255.6
ITEM0411,Construction work item ITEM0411,hr,147.15,143.05,21049.81
ITEM0412,Construction work item ITEM0412,hr,158.15,54.96,8691.92
ITEM0413,Construction work item ITEM0413,kg,269.56,713.3,192277.15
ITEM0414,Construction work item ITEM0414,kg,232.34,41.68,9683.93
ITEM0415,Construction work item ITEM0415,pcs,41.82,167.65,7011.12
ITEM0416,Construction work item ITEM0416,m2,16.12,24.02,387.2
ITEM0417,Construction work item ITEM0417,m,266.76,682.11,181959.66
ITEM0418,Construction work item ITEM0418,pcs,175.75,662.74,116476.56
ITEM0419,Construction work item ITEM0419,pcs,83.12,619.57,51498.66
ITEM0420,Construction work item ITEM0420,hr,223.65,417.98,93481.23
ITEM0421,Construction work item ITEM0421,m2,153.01,764.27,116940.95
ITEM0423,Construction work item ITEM0423,kg,52.24,674.34,35227.52
ITEM0424,Construction work item ITEM0424,pcs,111.99,722.45,80907.18
ITEM0425,Construction work item ITEM0425,m,119.01,531.17,63214.54
ITEM0426,Construction work item ITEM0426,m,177.12,195.41,34611.02
ITEM0427,Construction work item ITEM0427,pcs,82.94,643.04,53333.74
ITEM0428,Construction work item ITEM0428,hr,131.71,634.57,83579.21
ITEM0429,Construction work item ITEM0429,pcs,48.13,624.48,30056.22
ITEM0430,Construction work item ITEM0430,kg,97.3,21.78,2119.19
ITEM0431,Construction work item ITEM0431,m,258.53,631.45,163248.77
ITEM0432,Construction work item ITEM0432,pcs,53.13,365.85,19437.61
ITEM0433,Construction work item ITEM0433,hr,171.82,838.17,144014.37
ITEM0434,Construction work item ITEM0434,pcs,171.82,43.18,7419.19
ITEM0435,Construction work item ITEM0435,m2,5.01,502.39,2516.97
ITEM0436,Construction work item ITEM0436,kg,207.87,211.6,43985.29
ITEM0437,Construction work item ITEM0437,pcs,242.14,368.18,89151.11
ITEM0438,Construction work item ITEM0438,hr,176.75,629.68,111295.94
ITEM0439,Construction work item ITEM0439,kg,116.19,430.82,50056.98
ITEM0440,Construction work item ITEM0440,pcs,245.6,608.05,149337.08
ITEM0441,Construction work item ITEM0441,m2,55.35,391.31,21659.01
ITEM0442,Construction work item ITEM0442,pcs,100.85,198.33,20001.58
ITEM0443,Construction work item ITEM0443,m,154.07,383.31,59056.57
ITEM0444,Construction work item ITEM0444,m2,37.12,484.54,17986.12
ITEM0445,Construction work item ITEM0445,kg,245.73,155.05,38100.44
ITEM0446,Construction work item ITEM0446,kg,12.64,642.29,8118.55
ITEM0447,Construction work item ITEM0447,hr,196.64,704.9,138611.54
ITEM0448,Construction work item ITEM0448,hr,56.39,191.7,10809.96
ITEM0449,Construction work item ITEM0449,m,157.2,500.63,78699.04
ITEM0450,Construction work item ITEM0450,m2,181.53,771.87,140117.56
ITEM0451,Construction work item ITEM0451,m,100.15,457.31,45799.6
ITEM0452,Construction work item ITEM0452,m,86.61,258.82,22416.4
ITEM0453,Construction work item ITEM0453,kg,189.54,199.59,37830.29
ITEM0454,Construction work item ITEM0454,pcs,145.12,376.57,54647.84
ITEM0455,Construction work item ITEM0455,m,211.14,444.1,93767.27
ITEM0456,Construction work item ITEM0456,kg,3.44,32.12,110.49
ITEM0457,Construction work item ITEM0457,hr,114.7,434.72,49862.38
ITEM0458,Construction work item ITEM0458,hr,222.53,444.85,98992.47
ITEM0459,Construction work item ITEM0459,pcs,78.0,759.15,59213.7
ITEM0460,Construction work item ITEM0460,m2,258.48,347.46,89811.46
ITEM0461,Construction work item ITEM0461,m,89.88,834.17,74975.2
ITEM0462,Construction work item ITEM0462,m,178.56,30.17,5387.16
ITEM0463,Construction work item ITEM0463,m2,208.13,767.33,159704.39
ITEM0464,Construction work item ITEM0464,pcs,233.49,841.08,196383.77
ITEM0465,Construction work item ITEM0465,hr,164.79,387.87,63917.1
ITEM0466,Construction work item ITEM0466,m2,41.2,744.83,30687.0
ITEM0467,Construction work item ITEM0467,hr,38.81,777.05,30157.31
ITEM0468,Construction work item ITEM0468,m2,185.41,136.5,25308.46
ITEM0469,Construction work item ITEM0469,kg,124.67,681.3,84937.67
ITEM0470,Construction work item ITEM0470,m,56.87,539.09,30658.05
ITEM0471,Construction work item ITEM0471,hr,74.44,361.1,26880.28
ITEM0472,Construction work item ITEM0472,kg,95.31,513.16,48909.28
ITEM0473,Construction work item ITEM0473,pcs,206.3,110.99,22897.24
ITEM0474,Construction work item ITEM0474,m2,23.74,44.82,1064.03
ITEM0476,Construction work item ITEM0476,hr,159.13,851.37,135478.51
ITEM0477,Construction work item ITEM0477,m,133.55,84.0,11218.2
ITEM0478,Construction work item ITEM0478,pcs,48.34,516.54,24969.54
ITEM0479,Construction work item ITEM0479,m2,204.09,413.03,84295.29
ITEM0480,Construction work item ITEM0480,kg,247.4,293.98,72730.65
ITEM0481,Construction work item ITEM0481,hr,20.66,716.96,14812.39
ITEM0482,Construction work item ITEM0482,kg,138.6,62.54,8668.04
ITEM0483,Construction work item ITEM0483,m2,241.87,117.22,28352.0
ITEM0484,Construction work item ITEM0484,m2,26.1,405.98,10596.08
ITEM0485,Construction work item ITEM0485,kg,229.82,88.39,20313.79
ITEM0486,Construction work item ITEM0486,m2,37.71,544.19,20521.4
ITEM0487,Construction work item ITEM0487,m,67.06,331.13,22205.58
ITEM0488,Construction work item ITEM0488,m,242.96,373.55,90757.71
ITEM0489,Construction work item ITEM0489,kg,69.91,631.09,44119.5
ITEM0490,Construction work item ITEM0490,m,7.19,759.01,5457.28
ITEM0491,Construction work item ITEM0491,kg,179.75,284.28,51099.33
ITEM0492,Construction work item ITEM0492,hr,254.55,535.66,136352.25
ITEM0493,Construction work item ITEM0493,kg,60.29,286.57,17277.31
ITEM0494,Construction work item ITEM0494,hr,48.35,768.06,37135.7
ITEM0495,Construction work item ITEM0495,m2,156.68,380.79,59662.18
ITEM0496,Construction work item ITEM0496,hr,5.66,478.45,2708.03
ITEM0497,Construction work item ITEM0497,kg,126.97,104.66,13288.68
ITEM0498,Construction work item ITEM0498,m,78.08,254.99,19909.62
ITEM0499,Construction work item ITEM0499,kg,109.22,65.1,7110.22
ITEM0500,Construction work item ITEM0500,hr,204.02,756.63,154367.65
ITEM0501,Construction work item ITEM0501,pcs,111.05,466.19,51770.4
ITEM0502,Construction work item ITEM0502,kg,86.49,211.13,18260.63
ITEM0503,Construction work item ITEM0503,kg,85.43,57.51,4913.08
ITEM0504,Construction work item ITEM0504,pcs,179.75,853.29,153378.88
ITEM0505,Construction work item ITEM0505,hr,2.41,145.2,349.93
ITEM0506,Construction work item ITEM0506,m2,233.87,298.68,69852.29
ITEM0507,Construction work item ITEM0507,m2,109.44,719.14,78702.68
ITEM0508,Construction work item ITEM0508,pcs,144.3,480.49,69334.71
ITEM0509,Construction work item ITEM0509,pcs,252.51,363.35,91749.51
ITEM0510,Construction work item ITEM0510,hr,107.14,59.33,6356.62
ITEM0511,Construction work item ITEM0511,kg,23.58,374.21,8823.87
ITEM0512,Construction work item ITEM0512,hr,122.98,212.79,26168.91
ITEM0513,Construction work item ITEM0513,kg,118.26,34.36,4063.41
ITEM0514,Construction work item ITEM0514,kg,55.4,745.16,41281.86
ITEM0515,Construction work item ITEM0515,m,262.62,74.73,19625.59
ITEM0516,Construction work item ITEM0516,m,231.91,758.5,175903.74
ITEM0517,Construction work item ITEM0517,pcs,226.95,100.44,22794.86
ITEM0518,Construction work item ITEM0518,pcs,246.34,656.39,161695.11
ITEM0519,Construction work item ITEM0519,pcs,58.98,722.76,42628.38
ITEM0520,Construction work item ITEM0520,kg,46.28,613.73,28403.42
ITEM0521,Construction work item ITEM0521,kg,185.01,614.28,113647.94
ITEM0522,Construction work item ITEM0522,m,162.13,103.0,16699.39
ITEM0523,Construction work item ITEM0523,pcs,120.63,798.61,96336.32
ITEM0524,Construction work item ITEM0524,kg,48.42,517.97,25080.11
ITEM0525,Construction work item ITEM0525,hr,22.25,125.93,2801.94
ITEM0526,Construction work item ITEM0526,kg,70.49,415.95,29320.32
ITEM0527,Construction work item ITEM0527,pcs,66.84,689.61,46093.53
ITEM0528,Construction work item ITEM0528,kg,173.54,233.29,40485.15
ITEM0529,Construction work item ITEM0529,m2,46.13,106.12,4895.32
ITEM0530,Construction work item ITEM0530,hr,208.52,328.83,68567.63
ITEM0531,Construction work item ITEM0531,kg,220.25,410.39,90388.4
ITEM0532,Construction work item ITEM0532,pcs,122.16,634.39,77497.08
ITEM0533,Construction work item ITEM0533,pcs,61.43,298.32,18325.8
ITEM0534,Construction work item ITEM0534,pcs,97.46,133.56,13016.76
ITEM0535,Construction work item ITEM0535,m,243.23,448.19,109013.25
ITEM0536,Construction work item ITEM0536,pcs,2.07,868.64,1798.08
ITEM0537,Construction work item ITEM0537,pcs,121.91,483.31,58920.32
ITEM0538,Construction work item ITEM0538,hr,56.63,682.41,38644.88
ITEM0539,Construction work item ITEM0539,pcs,175.78,283.94,49910.97
ITEM0540,Construction work item ITEM0540,m,165.58,485.79,80437.11
ITEM0541,Construction work item ITEM0541,hr,230.5,766.68,176719.74
ITEM0542,Construction work item ITEM0542,m2,82.65,95.63,7903.82
ITEM0543,Construction work item ITEM0543,hr,58.81,548.38,32250.23
ITEM0544,Construction work item ITEM0544,pcs,21.4,372.92,7980.49
ITEM0545,Construction work item ITEM0545,hr,11.13,703.43,7829.18
ITEM0546,Construction work item ITEM0546,m,132.07,79.61,10514.09
ITEM0547,Construction work item ITEM0547,m2,117.61,752.46,88496.82
ITEM0548,Construction work item ITEM0548,m,166.27,385.76,64140.32
ITEM0549,Construction work item ITEM0549,pcs,88.8,196.58,17456.3
ITEM0550,Construction work item ITEM0550,hr,126.43,133.27,16849.33
ITEM0551,Construction work item ITEM0551,m,28.97,643.28,18635.82
ITEM0552,Construction work item ITEM0552,m,124.65,27.92,3480.23
ITEM0553,Construction work item ITEM0553,hr,72.52,859.17,62307.01
ITEM0554,Construction work item ITEM0554,hr,44.41,609.75,27079.0
ITEM0555,Construction work item ITEM0555,m,225.4,693.28,156265.31
ITEM0556,Construction work item ITEM0556,pcs,75.6,440.73,33319.19
ITEM0557,Construction work item ITEM0557,hr,201.5,783.68,157911.52
ITEM0558,Construction work item ITEM0558,m2,235.52,160.56,37815.09
ITEM0559,Construction work item ITEM0559,m,20.08,464.34,9323.95
ITEM0560,Construction work item ITEM0560,hr,186.53,315.34,58820.37
ITEM0561,Construction work item ITEM0561,kg,167.32,670.99,112270.05
ITEM0562,Construction work item ITEM0562,kg,141.97,317.3,45047.08
ITEM0563,Construction work item ITEM0563,hr,89.83,794.74,71391.49
ITEM0564,Construction work item ITEM0564,kg,159.94,565.76,90487.65
ITEM0565,Construction work item ITEM0565,hr,121.89,235.63,28720.94
ITEM0566,Construction work item ITEM0566,hr,187.11,393.68,73661.46
ITEM0567,Construction work item ITEM0567,kg,203.01,40.36,8193.48
ITEM0568,Construction work item ITEM0568,kg,93.9,627.29,58902.53
ITEM0569,Construction work item ITEM0569,m,96.71,40.83,3948.67
ITEM0570,Construction work item ITEM0570,m2,178.09,726.47,129377.04
ITEM0571,Construction work item ITEM0571,m,112.13,337.28,37819.21
ITEM0572,Construction work item ITEM0572,m2,224.22,457.78,102643.43
ITEM0573,Construction work item ITEM0573,m2,127.94,256.22,32780.79
ITEM0574,Construction work item ITEM0574,kg,58.63,621.63,36446.17
ITEM0575,Construction work item ITEM0575,hr,145.15,774.87,112472.38
ITEM0576,Construction work item ITEM0576,hr,55.57,610.07,33901.59
ITEM0577,Construction work item ITEM0577,kg,86.6,813.73,70469.02
ITEM0578,Construction work item ITEM0578,m2,112.55,317.95,35785.27
ITEM0579,Construction work item ITEM0579,kg,28.3,413.59,11704.6
ITEM0580,Construction work item ITEM0580,m2,38.63,199.54,7708.23
ITEM0581,Construction work item ITEM0581,pcs,106.43,534.12,56846.39
ITEM0582,Construction work item ITEM0582,m2,28.11,15.23,428.12
ITEM0583,Construction work item ITEM0583,m,208.77,641.45,133915.52
ITEM0584,Construction work item ITEM0584,m,101.64,54.95,5585.12
ITEM0585,Construction work item ITEM0585,hr,233.65,481.44,112488.46
ITEM0586,Construction work item ITEM0586,kg,161.71,782.39,126520.29
ITEM0587,Construction work item ITEM0587,kg,186.58,356.21,66461.66
ITEM0588,Construction work item ITEM0588,kg,139.43,617.51,86099.42
ITEM0589,Construction work item ITEM0589,m2,230.43,649.61,149689.63
ITEM0590,Construction work item ITEM0590,pcs,15.6,449.62,7014.07
ITEM0591,Construction work item ITEM0591,kg,197.76,49.21,9731.77
ITEM0592,Construction work item ITEM0592,pcs,26.69,86.69,2313.76
ITEM0593,Construction work item ITEM0593,m,92.43,117.08,10821.7
ITEM0594,Construction work item ITEM0594,kg,53.07,808.59,42911.87
ITEM0595,Construction work item ITEM0595,m2,217.74,485.92,105804.22
ITEM0596,Construction work item ITEM0596,hr,234.78,269.41,63252.08
ITEM0597,Construction work item ITEM0597,hr,73.56,567.79,41766.63
ITEM0598,Construction work item ITEM0598,hr,219.04,245.67,53811.56
ITEM0599,Construction work item ITEM0599,pcs,62.62,231.06,14468.98
ITEM0600,Construction work item ITEM0600,m,196.57,308.64,60669.36
ITEM0601,Construction work item ITEM0601,pcs,194.47,168.38,32744.86
ITEM0602,Construction work item ITEM0602,m2,214.96,635.7,136650.07
ITEM0603,Construction work item ITEM0603,pcs,153.83,366.86,56434.07
ITEM0604,Construction work item ITEM0604,pcs,97.46,565.77,55139.94
ITEM0605,Construction work item ITEM0605,hr,145.71,27.96,4074.05
ITEM0606,Construction work item ITEM0606,kg,18.9,48.86,923.45
ITEM0607,Construction work item ITEM0607,kg,81.27,577.26,46913.92
ITEM0608,Construction work item ITEM0608,kg,200.18,388.8,77829.98
ITEM0609,Construction work item ITEM0609,pcs,154.31,477.63,73703.09
ITEM0610,Construction work item ITEM0610,hr,161.6,75.48,12197.57
ITEM0611,Construction work item ITEM0611,m,8.61,16.22,139.65
ITEM0612,Construction work item ITEM0612,m,42.86,165.31,7085.19
ITEM0613,Construction work item ITEM0613,hr,164.4,53.17,8741.15
ITEM0614,Construction work item ITEM0614,hr,117.85,590.17,69551.53
ITEM0615,Construction work item ITEM0615,hr,203.91,94.35,19238.91
ITEM0616,Construction work item ITEM0616,kg,214.01,169.63,36302.52
ITEM0617,Construction work item ITEM0617,m2,111.38,190.35,21201.18
ITEM0618,Construction work item ITEM0618,m2,257.93,563.12,145245.54
ITEM0619,Construction work item ITEM0619,m2,136.71,366.97,50168.47
ITEM0620,Construction work item ITEM0620,hr,70.16,258.34,18125.13
ITEM0621,Construction work item ITEM0621,hr,194.76,841.42,163874.96
ITEM0622,Construction work item ITEM0622,kg,249.67,285.4,71255.82
ITEM0623,Construction work item ITEM0623,pcs,240.28,617.06,148267.18
ITEM0624,Construction work item ITEM0624,m2,207.97,601.72,125139.71
ITEM0625,Construction work item ITEM0625,pcs,68.21,378.07,25788.15
ITEM0626,Construction work item ITEM0626,hr,194.68,523.68,101950.02
ITEM0627,Construction work item ITEM0627,m2,51.33,313.82,16108.38
ITEM0628,Construction work item ITEM0628,pcs,22.46,483.3,10854.92
ITEM0629,Construction work item ITEM0629,m2,143.02,300.57,42987.52
ITEM0630,Construction work item ITEM0630,pcs,171.5,893.33,153206.1
ITEM0631,Construction work item ITEM0631,hr,52.93,159.94,8465.62
ITEM0632,Construction work item ITEM0632,pcs,86.99,801.77,69745.97
ITEM0633,Construction work item ITEM0633,m2,81.3,697.61,56715.69
ITEM0634,Construction work item ITEM0634,m,244.57,197.1,48204.75
ITEM0635,Construction work item ITEM0635,m2,162.94,144.55,23552.98
ITEM0636,Construction work item ITEM0636,m2,231.72,745.22,172682.38
ITEM0637,Construction work item ITEM0637,kg,47.51,657.93,31258.25
ITEM0638,Construction work item ITEM0638,pcs,151.21,536.79,81168.02
ITEM0639,Construction work item ITEM0639,m,175.44,751.14,131780.0
ITEM0640,Construction work item ITEM0640,kg,244.8,85.02,20812.9
ITEM0641,Construction work item ITEM0641,m,128.41,557.69,71612.97
ITEM0642,Construction work item ITEM0642,pcs,232.89,663.06,154420.04
ITEM0643,Construction work item ITEM0643,m2,86.77,373.83,32437.23
ITEM0644,Construction work item ITEM0644,pcs,172.02,378.46,65102.69
ITEM0645,Construction work item ITEM0645,m,149.34,265.18,39601.98
ITEM0646,Construction work item ITEM0646,hr,49.52,337.4,16708.05
ITEM0647,Construction work item ITEM0647,kg,95.67,405.49,38793.23
ITEM0648,Construction work item ITEM0648,pcs,251.49,210.85,53026.67
ITEM0649,Construction work item ITEM0649,kg,159.14,687.94,109478.77
ITEM0650,Construction work item ITEM0650,m2,183.76,509.09,93550.38
ITEM0651,Construction work item ITEM0651,m,12.44,551.26,6857.67
ITEM0652,Construction work item ITEM0652,hr,199.18,395.92,78859.35
ITEM0653,Construction work item ITEM0653,kg,17.07,760.18,12976.27
ITEM0654,Construction work item ITEM0654,m,120.55,172.51,20796.08
ITEM0655,Construction work item ITEM0655,m2,24.01,331.78,7966.04
ITEM0656,Construction work item ITEM0656,hr,223.6,259.76,58082.34
ITEM0657,Construction work item ITEM0657,kg,43.6,602.05,26249.38
ITEM0658,Construction work item ITEM0658,pcs,113.25,717.79,81289.72
ITEM0659,Construction work item ITEM0659,kg,170.46,582.04,99214.54
ITEM0660,Construction work item ITEM0660,kg,169.39,131.31,22242.6
ITEM0661,Construction work item ITEM0661,pcs,252.35,27.26,6879.06
ITEM0662,Construction work item ITEM0662,kg,117.99,112.06,13221.96
ITEM0663,Construction work item ITEM0663,m,175.04,506.51,88659.51
ITEM0665,Construction work item ITEM0665,kg,139.66,565.3,78949.8
ITEM0666,Construction work item ITEM0666,pcs,137.53,123.92,17042.72
ITEM0667,Construction work item ITEM0667,pcs,158.33,724.91,114775.0
ITEM0668,Construction work item ITEM0668,m2,227.4,801.15,182181.51
ITEM0669,Construction work item ITEM0669,kg,55.17,659.4,36379.1
ITEM0670,Construction work item ITEM0670,pcs,10.87,240.17,2610.65
ITEM0671,Construction work item ITEM0671,hr,219.22,518.59,113685.3
ITEM0672,Construction work item ITEM0672,m2,172.3,661.6,113993.68
ITEM0673,Construction work item ITEM0673,m2,256.67,729.73,187299.8
ITEM0674,Construction work item ITEM0674,m,247.1,194.59,48083.19
ITEM0675,Construction work item ITEM0675,pcs,192.43,424.77,81738.49
ITEM0676,Construction work item ITEM0676,m,39.09,326.88,12777.74
ITEM0677,Construction work item ITEM0677,kg,120.19,48.53,5832.82
ITEM0678,Construction work item ITEM0678,pcs,47.52,830.11,39446.83
ITEM0679,Construction work item ITEM0679,kg,152.15,372.62,56694.13
ITEM0680,Construction work item ITEM0680,m,161.94,383.59,62118.56
ITEM0681,Construction work item ITEM0681,m,24.46,120.02,2935.69
ITEM0682,Construction work item ITEM0682,kg,133.65,279.26,37323.1
ITEM0683,Construction work item ITEM0683,m2,209.29,705.98,147754.55
ITEM0684,Construction work item ITEM0684,m,106.81,735.47,78555.55
ITEM0685,Construction work item ITEM0685,m,17.76,236.98,4208.76
ITEM0686,Construction work item ITEM0686,pcs,233.31,494.56,115385.79
ITEM0687,Construction work item ITEM0687,kg,231.01,573.2,132414.93
ITEM0688,Construction work item ITEM0688,m,107.18,298.95,32041.46
ITEM0689,Construction work item ITEM0689,kg,205.98,563.65,116100.63
ITEM0690,Construction work item ITEM0690,m2,61.61,468.46,28861.82
ITEM0691,Construction work item ITEM0691,hr,1.22,590.04,719.85
ITEM0692,Construction work item ITEM0692,pcs,5.95,325.4,1936.13
ITEM0693,Construction work item ITEM0693,hr,88.41,158.32,13997.07
ITEM0694,Construction work item ITEM0694,m,261.01,687.49,179441.76
ITEM0695,Construction work item ITEM0695,pcs,13.39,789.44,10570.6
ITEM0696,Construction work item ITEM0696,kg,244.9,390.87,95724.06
ITEM0697,Construction work item ITEM0697,kg,12.61,434.85,5483.46
ITEM0698,Construction work item ITEM0698,m,242.7,792.47,192332.47
ITEM0699,Construction work item ITEM0699,kg,90.15,562.67,50724.7
ITEM0700,Construction work item ITEM0700,hr,187.77,573.68,107719.89
ITEM0701,Construction work item ITEM0701,kg,108.08,509.43,55059.19
ITEM0702,Construction work item ITEM0702,m2,26.03,340.29,8857.75
ITEM0703,Construction work item ITEM0703,m2,44.12,81.98,3616.96
ITEM0704,Construction work item ITEM0704,m,75.27,291.18,21917.12
ITEM0705,Construction work item ITEM0705,hr,95.04,547.23,52008.74
ITEM0706,Construction work item ITEM0706,m,156.9,69.01,10827.67
ITEM0707,Construction work item ITEM0707,kg,168.03,541.67,91016.81
ITEM0708,Construction work item ITEM0708,m,136.01,862.09,117252.86
ITEM0709,Construction work item ITEM0709,pcs,195.64,200.99,39321.68
ITEM0710,Construction work item ITEM0710,kg,203.98,261.63,53367.29
ITEM0711,Construction work item ITEM0711,kg,143.13,355.94,50945.69
ITEM0712,Construction work item ITEM0712,m,201.09,109.25,21969.08
ITEM0713,Construction work item ITEM0713,kg,62.07,266.79,16559.66
ITEM0714,Construction work item ITEM0714,kg,85.42,373.9,31938.54
ITEM0715,Construction work item ITEM0715,hr,167.0,323.05,53949.35
ITEM0716,Construction work item ITEM0716,kg,223.83,330.31,73933.29
ITEM0717,Construction work item ITEM0717,pcs,11.68,91.24,1065.68
ITEM0718,Construction work item ITEM0718,m,227.38,74.34,16903.43
ITEM0719,Construction work item ITEM0719,m,4.2,680.94,2859.95
ITEM0720,Construction work item ITEM0720,hr,108.92,813.17,88570.48
ITEM0721,Construction work item ITEM0721,m,204.14,476.59,97291.08
ITEM0722,Construction work item ITEM0722,m,207.12,360.26,74617.05
ITEM0723,Construction work item ITEM0723,m,64.38,61.33,3948.43
ITEM0724,Construction work item ITEM0724,m,33.15,329.43,10920.6
ITEM0725,Construction work item ITEM0725,hr,115.87,585.19,67805.97
ITEM0726,Construction work item ITEM0726,m2,174.5,680.41,118731.54
ITEM0727,Construction work item ITEM0727,hr,133.82,402.63,53879.95
ITEM0728,Construction work item ITEM0728,pcs,77.1,288.04,22207.88
ITEM0729,Construction work item ITEM0729,pcs,234.01,635.96,148821.0
ITEM0730,Construction work item ITEM0730,m2,205.75,170.75,35131.81
ITEM0731,Construction work item ITEM0731,kg,126.6,304.77,38583.88
ITEM0732,Construction work item ITEM0732,m,235.24,111.39,26203.38
ITEM0733,Construction work item ITEM0733,pcs,64.37,776.27,49968.5
ITEM0734,Construction work item ITEM0734,hr,233.35,186.21,43452.1
ITEM0735,Construction work item ITEM0735,m,179.24,612.09,109711.01
ITEM0736,Construction work item ITEM0736,m2,60.82,400.32,24347.46
ITEM0737,Construction work item ITEM0737,hr,225.35,289.46,65229.81
ITEM0738,Construction work item ITEM0738,hr,115.09,259.11,29820.97
ITEM0739,Construction work item ITEM0739,m,245.47,97.85,24019.24
ITEM0740,Construction work item ITEM0740,m,257.79,461.69,119019.07
ITEM0741,Construction work item ITEM0741,m,39.77,598.56,23804.73
ITEM0742,Construction work item ITEM0742,m2,260.96,400.76,104582.33
ITEM0743,Construction work item ITEM0743,kg,205.66,312.29,64225.56
ITEM0744,Construction work item ITEM0744,pcs,86.25,507.86,43802.92
ITEM0745,Construction work item ITEM0745,pcs,134.05,624.11,83661.95
ITEM0746,Construction work item ITEM0746,pcs,124.09,68.72,8527.46
ITEM0747,Construction work item ITEM0747,pcs,88.52,767.16,67909.0
ITEM0748,Construction work item ITEM0748,pcs,123.12,55.51,6834.39
ITEM0749,Construction work item ITEM0749,m,73.19,479.31,35080.7
ITEM0750,Construction work item ITEM0750,m,230.49,238.58,54990.3
ITEM0751,Construction work item ITEM0751,kg,216.81,465.12,100842.67
ITEM0752,Construction work item ITEM0752,pcs,108.18,674.72,72991.21
ITEM0753,Construction work item ITEM0753,m,67.9,475.99,32319.72
ITEM0754,Construction work item ITEM0754,pcs,42.48,481.58,20457.52
ITEM0755,Construction work item ITEM0755,hr,227.99,715.63,163156.48
ITEM0756,Construction work item ITEM0756,pcs,254.45,566.82,144227.35
ITEM0757,Construction work item ITEM0757,m,159.37,566.21,90236.89
ITEM0758,Construction work item ITEM0758,m2,236.28,726.43,171640.88
ITEM0759,Construction work item ITEM0759,hr,85.06,441.86,37584.61
ITEM0760,Construction work item ITEM0760,pcs,78.74,204.56,16107.05
ITEM0761,Construction work item ITEM0761,m2,127.07,733.76,93238.88
ITEM0762,Construction work item ITEM0762,m2,125.62,360.52,45288.52
ITEM0763,Construction work item ITEM0763,m,25.17,366.71,9230.09
ITEM0764,Construction work item ITEM0764,m2,193.5,249.13,48206.66
ITEM0765,Construction work item ITEM0765,pcs,163.19,438.49,71557.18
ITEM0766,Construction work item ITEM0766,kg,124.11,157.34,19527.47
ITEM0767,Construction work item ITEM0767,m,64.15,223.56,14341.37
ITEM0768,Construction work item ITEM0768,hr,253.71,704.2,178662.58
ITEM0769,Construction work item ITEM0769,m2,141.47,515.72,72958.91
ITEM0770,Construction work item ITEM0770,kg,253.55,59.69,15134.4
ITEM0771,Construction work item ITEM0771,m2,126.3,639.51,80770.11
ITEM0772,Construction work item ITEM0772,m,196.19,853.41,167430.51
ITEM0774,Construction work item ITEM0774,m,178.05,234.63,41775.87
ITEM0775,Construction work item ITEM0775,kg,163.5,621.54,101621.79
ITEM0776,Construction work item ITEM0776,m2,8.9,401.26,3571.21
ITEM0777,Construction work item ITEM0777,m2,229.49,470.04,107869.48
ITEM0778,Construction work item ITEM0778,hr,146.49,433.35,63481.44
ITEM0779,Construction work item ITEM0779,kg,120.03,773.66,92862.41
ITEM0780,Construction work item ITEM0780,m,88.66,325.98,28901.39
ITEM0781,Construction work item ITEM0781,hr,62.46,109.25,6823.76
ITEM0782,Construction work item ITEM0782,m2,210.18,20.39,4285.57
ITEM0783,Construction work item ITEM0783,pcs,214.1,14.84,3177.24
ITEM0784,Construction work item ITEM0784,m2,193.47,507.56,98197.63
ITEM0785,Construction work item ITEM0785,hr,154.69,215.13,33278.46
ITEM0786,Construction work item ITEM0786,pcs,139.04,327.14,45485.55
ITEM0787,Construction work item ITEM0787,m2,244.94,304.78,74652.81
ITEM0788,Construction work item ITEM0788,kg,39.87,360.75,14383.1
ITEM0789,Construction work item ITEM0789,m,263.5,137.57,36249.7
ITEM0790,Construction work item ITEM0790,m2,136.64,774.71,105856.37
ITEM0791,Construction work item ITEM0791,m,67.63,20.34,1375.59
ITEM0792,Construction work item ITEM0792,kg,256.33,329.86,84553.01
ITEM0793,Construction work item ITEM0793,m2,225.38,459.16,103485.48
ITEM0794,Construction work item ITEM0794,m,235.76,124.92,29451.14
ITEM0795,Construction work item ITEM0795,kg,206.26,38.92,8027.64
ITEM0796,Construction work item ITEM0796,kg,106.05,298.51,31656.99
ITEM0797,Construction work item ITEM0797,pcs,146.13,412.86,60331.23
ITEM0798,Construction work item ITEM0798,m2,151.84,404.73,61454.2
ITEM0799,Construction work item ITEM0799,m2,87.85,177.03,15552.09
ITEM0800,Construction work item ITEM0800,m,257.93,113.56,29290.53
ITEM0801,Construction work item ITEM0801,hr,114.53,730.94,83714.56
ITEM0802,Construction work item ITEM0802,m2,69.2,174.49,12074.71
ITEM0803,Construction work item ITEM0803,kg,183.26,564.89,103521.74
ITEM0804,Construction work item ITEM0804,hr,127.43,432.97,55173.37
ITEM0805,Construction work item ITEM0805,m,80.25,57.98,4652.89
ITEM0806,Construction work item ITEM0806,m2,88.62,603.68,53498.12
ITEM0807,Construction work item ITEM0807,m,66.61,113.86,7584.21
ITEM0808,Construction work item ITEM0808,m2,87.33,62.92,5494.8
ITEM0809,Construction work item ITEM0809,pcs,3.14,283.05,888.78
ITEM0810,Construction work item ITEM0810,kg,46.61,287.27,13389.65
ITEM0811,Construction work item ITEM0811,kg,136.67,715.96,97850.25
ITEM0812,Construction work item ITEM0812,m2,243.06,298.28,72499.94
ITEM0813,Construction work item ITEM0813,pcs,25.54,137.49,3511.49
ITEM0814,Construction work item ITEM0814,kg,58.54,33.19,1942.94
ITEM0815,Construction work item ITEM0815,pcs,129.55,566.17,73347.32
ITEM0816,Construction work item ITEM0816,pcs,219.44,403.1,88456.26
ITEM0817,Construction work item ITEM0817,hr,193.74,450.08,87198.5
ITEM0818,Construction work item ITEM0818,m2,210.24,321.66,67625.8
ITEM0819,Construction work item ITEM0819,m2,76.28,446.57,34064.36
ITEM0820,Construction work item ITEM0820,m,101.5,447.32,45402.98
ITEM0821,Construction work item ITEM0821,m2,133.07,436.34,58063.76
ITEM0822,Construction work item ITEM0822,m,94.06,66.51,6255.93
ITEM0823,Construction work item ITEM0823,hr,163.0,620.57,101152.91
ITEM0825,Construction work item ITEM0825,pcs,187.26,410.82,76930.15
ITEM0826,Construction work item ITEM0826,pcs,35.9,17.06,612.45
ITEM0827,Construction work item ITEM0827,kg,43.35,262.85,11394.55
ITEM0828,Construction work item ITEM0828,m2,18.5,392.85,7267.72
ITEM0829,Construction work item ITEM0829,pcs,62.53,155.85,9745.3
ITEM0830,Construction work item ITEM0830,kg,43.69,520.82,22754.63
ITEM0831,Construction work item ITEM0831,m,211.02,685.75,144706.96
ITEM0832,Construction work item ITEM0832,hr,219.29,199.38,43722.04
ITEM0833,Construction work item ITEM0833,pcs,146.02,703.74,102760.11
ITEM0834,Construction work item ITEM0834,m,41.75,311.97,13024.75
ITEM0835,Construction work item ITEM0835,kg,127.43,246.27,31382.19
ITEM0836,Construction work item ITEM0836,hr,240.95,472.72,113901.88
ITEM0837,Construction work item ITEM0837,hr,85.17,188.41,16046.88
ITEM0838,Construction work item ITEM0838,kg,106.99,723.42,77398.71
ITEM0839,Construction work item ITEM0839,hr,71.64,765.51,54841.14
ITEM0840,Construction work item ITEM0840,pcs,151.83,597.5,90718.42
ITEM0841,Construction work item ITEM0841,kg,232.03,602.19,139726.15
ITEM0842,Construction work item ITEM0842,hr,51.31,351.94,18058.04
ITEM0843,Construction work item ITEM0843,hr,123.82,905.61,112132.63
ITEM0844,Construction work item ITEM0844,kg,90.73,140.17,12717.62
ITEM0845,Construction work item ITEM0845,kg,72.86,186.36,13578.19
ITEM0846,Construction work item ITEM0846,m,28.91,423.37,12239.63
ITEM0847,Construction work item ITEM0847,m,95.27,810.57,77223.0
ITEM0848,Construction work item ITEM0848,hr,99.25,585.71,58131.72
ITEM0849,Construction work item ITEM0849,m2,54.77,408.56,22376.83
ITEM0850,Construction work item ITEM0850,m2,95.37,416.23,39695.86
ITEM0851,Construction work item ITEM0851,m2,181.01,133.8,24219.14
ITEM0852,Construction work item ITEM0852,hr,134.49,334.63,45004.39
ITEM0853,Construction work item ITEM0853,m2,261.09,42.59,11119.82
ITEM0854,Construction work item ITEM0854,kg,48.98,733.69,35936.14
ITEM0855,Construction work item ITEM0855,hr,214.33,275.49,59045.77
ITEM0856,Construction work item ITEM0856,kg,190.73,110.4,21056.59
ITEM0857,Construction work item ITEM0857,pcs,166.27,455.54,75742.64
ITEM0858,Construction work item ITEM0858,hr,133.22,832.37,110888.33
ITEM0859,Construction work item ITEM0859,kg,212.89,372.86,79378.17
ITEM0860,Construction work item ITEM0860,m,97.37,698.41,68004.18
ITEM0861,Construction work item ITEM0861,hr,194.96,460.71,89820.02
ITEM0862,Construction work item ITEM0862,kg,14.14,609.97,8624.98
ITEM0863,Construction work item ITEM0863,pcs,221.83,238.62,52933.07
ITEM0864,Construction work item ITEM0864,pcs,146.99,637.97,93775.21
ITEM0865,Construction work item ITEM0865,m2,60.95,75.76,4617.57
ITEM0866,Construction work item ITEM0866,m,144.44,122.07,17631.79
ITEM0867,Construction work item ITEM0867,m2,249.96,391.96,97974.32
ITEM0869,Construction work item ITEM0869,pcs,131.63,734.04,96621.69
ITEM0870,Construction work item ITEM0870,pcs,215.35,343.64,74002.87
ITEM0871,Construction work item ITEM0871,hr,175.23,182.14,31916.39
ITEM0872,Construction work item ITEM0872,m2,64.16,660.16,42355.87
ITEM0873,Construction work item ITEM0873,hr,142.09,286.59,40721.57
ITEM0874,Construction work item ITEM0874,hr,204.22,585.87,119646.37
ITEM0875,Construction work item ITEM0875,kg,176.82,38.5,6807.57
ITEM0876,Construction work item ITEM0876,m2,208.95,780.47,163079.21
ITEM0877,Construction work item ITEM0877,m,138.32,591.02,81749.89
ITEM0878,Construction work item ITEM0878,m2,205.62,889.77,182954.51
ITEM0879,Construction work item ITEM0879,pcs,172.99,507.81,87846.05
ITEM0880,Construction work item ITEM0880,kg,189.92,775.92,147362.73
ITEM0881,Construction work item ITEM0881,kg,62.07,125.49,7789.16
ITEM0882,Construction work item ITEM0882,kg,65.95,211.52,13949.74
ITEM0883,Construction work item ITEM0883,pcs,122.99,800.6,98465.79
ITEM0884,Construction work item ITEM0884,pcs,25.05,702.37,17594.37
ITEM0885,Construction work item ITEM0885,hr,3.89,211.4,822.35
ITEM0886,Construction work item ITEM0886,m2,235.53,232.74,54817.25
ITEM0887,Construction work item ITEM0887,hr,96.97,41.5,4024.26
ITEM0888,Construction work item ITEM0888,hr,134.79,447.01,60252.48
ITEM0889,Construction work item ITEM0889,pcs,70.75,340.27,24074.1
ITEM0890,Construction work item ITEM0890,m2,46.37,41.0,1901.17
ITEM0891,Construction work item ITEM0891,hr,90.95,581.08,52849.23
ITEM0892,Construction work item ITEM0892,m2,162.02,588.31,95317.99
ITEM0893,Construction work item ITEM0893,m,141.65,598.3,84749.2
ITEM0894,Construction work item ITEM0894,m2,114.84,455.2,52275.17
ITEM0895,Construction work item ITEM0895,kg,228.73,91.9,21020.29
ITEM0896,Construction work item ITEM0896,hr,108.05,557.01,60184.93
ITEM0897,Construction work item ITEM0897,pcs,27.43,457.99,12562.67
ITEM0898,Construction work item ITEM0898,kg,180.6,798.55,144218.13
ITEM0899,Construction work item ITEM0899,kg,66.15,592.33,39182.63
ITEM0900,Construction work item ITEM0900,m,54.15,327.98,17760.12
ITEM0901,Construction work item ITEM0901,kg,241.15,765.52,184605.15
ITEM0902,Construction work item ITEM0902,m2,245.62,544.86,133828.51
ITEM0903,Construction work item ITEM0903,m2,20.26,308.3,6246.16
ITEM0904,Construction work item ITEM0904,m,107.78,693.33,74727.11
ITEM0905,Construction work item ITEM0905,m2,9.2,144.82,1332.34
ITEM0906,Construction work item ITEM0906,hr,124.28,587.29,72988.4
ITEM0907,Construction work item ITEM0907,kg,23.71,668.07,15839.94
ITEM0908,Construction work item ITEM0908,kg,39.38,74.62,2938.54
ITEM0909,Construction work item ITEM0909,m2,135.3,143.51,19416.9
ITEM0910,Construction work item ITEM0910,pcs,151.0,414.98,62661.98
ITEM0911,Construction work item ITEM0911,m,239.6,679.5,162808.2
ITEM0912,Construction work item ITEM0912,pcs,96.9,561.7,54428.73
ITEM0913,Construction work item ITEM0913,hr,176.03,231.68,40782.63
ITEM0914,Construction work item ITEM0914,m2,142.91,223.92,32000.41
ITEM0915,Construction work item ITEM0915,pcs,101.42,487.35,49427.04
ITEM0916,Construction work item ITEM0916,kg,81.72,101.33,8280.69
ITEM0917,Construction work item ITEM0917,hr,228.04,451.04,102855.16
ITEM0918,Construction work item ITEM0918,m,163.18,382.07,62346.18
ITEM0919,Construction work item ITEM0919,pcs,130.29,476.52,62085.79
ITEM0920,Construction work item ITEM0920,kg,184.62,531.4,98107.07
ITEM0921,Construction work item ITEM0921,m2,116.26,756.39,87937.9
ITEM0922,Construction work item ITEM0922,hr,39.61,330.66,13097.44
ITEM0923,Construction work item ITEM0923,pcs,208.83,744.56,155486.46
ITEM0924,Construction work item ITEM0924,m2,231.33,772.94,178804.21
ITEM0925,Construction work item ITEM0925,pcs,42.31,473.34,20027.02
ITEM0926,Construction work item ITEM0926,m2,130.69,196.86,25727.63
ITEM0927,Construction work item ITEM0927,hr,99.97,194.57,19451.16
ITEM0928,Construction work item ITEM0928,m2,212.81,762.34,162233.58
ITEM0929,Construction work item ITEM0929,pcs,13.84,669.91,9271.55
ITEM0930,Construction work item ITEM0930,m2,132.12,691.67,91383.44
ITEM0932,Construction work item ITEM0932,pcs,179.09,213.89,38305.56
ITEM0933,Construction work item ITEM0933,kg,139.45,833.45,116224.6
ITEM0934,Construction work item ITEM0934,hr,52.97,184.46,9770.85
ITEM0936,Construction work item ITEM0936,m2,185.53,670.57,124410.85
ITEM0937,Construction work item ITEM0937,m,63.46,398.33,25278.02
ITEM0938,Construction work item ITEM0938,hr,168.85,229.87,38813.55
ITEM0939,Construction work item ITEM0939,pcs,268.67,404.88,108779.11
ITEM0940,Construction work item ITEM0940,m,209.69,191.21,40094.82
ITEM0941,Construction work item ITEM0941,pcs,2.06,733.51,1511.03
ITEM0942,Construction work item ITEM0942,hr,35.41,104.13,3687.24
ITEM0943,Construction work item ITEM0943,kg,221.99,353.74,78526.74
ITEM0944,Construction work item ITEM0944,m2,143.12,742.61,106282.34
ITEM0945,Construction work item ITEM0945,m,38.77,75.57,2929.85
ITEM0946,Construction work item ITEM0946,kg,165.42,714.15,118134.69
ITEM0947,Construction work item ITEM0947,kg,129.39,98.61,12759.15
ITEM0948,Construction work item ITEM0948,m2,109.22,117.18,12798.4
ITEM0949,Construction work item ITEM0949,pcs,127.51,633.42,80767.38
ITEM0950,Construction work item ITEM0950,kg,26.41,349.11,9220.0
ITEM0951,Construction work item ITEM0951,kg,144.0,234.54,33773.76
ITEM0952,Construction work item ITEM0952,m2,56.04,896.92,50263.4
ITEM0953,Construction work item ITEM0953,pcs,236.34,507.42,119923.64
ITEM0954,Construction work item ITEM0954,hr,206.67,112.16,23180.11
ITEM0955,Construction work item ITEM0955,m2,225.95,598.25,135174.59
ITEM0956,Construction work item ITEM0956,m,232.83,246.66,57429.85
ITEM0957,Construction work item ITEM0957,pcs,14.7,540.64,7947.41
ITEM0958,Construction work item ITEM0958,kg,184.68,615.36,113644.68
ITEM0959,Construction work item ITEM0959,hr,134.15,61.76,8285.1
ITEM0960,Construction work item ITEM0960,hr,106.57,409.15,43603.12
ITEM0961,Construction work item ITEM0961,kg,121.14,527.25,63871.06
ITEM0962,Construction work item ITEM0962,m2,89.34,841.96,75220.71
ITEM0963,Construction work item ITEM0963,pcs,169.61,592.77,100539.72
ITEM0964,Construction work item ITEM0964,pcs,176.1,642.82,113200.6
ITEM0965,Construction work item ITEM0965,m2,112.46,390.96,43967.36
ITEM0966,Construction work item ITEM0966,m2,234.27,313.43,73427.25
ITEM0967,Construction work item ITEM0967,pcs,61.98,193.91,12018.54
ITEM0968,Construction work item ITEM0968,kg,18.63,607.6,11319.59
ITEM0969,Construction work item ITEM0969,m,71.03,761.99,54124.15
ITEM0970,Construction work item ITEM0970,m,144.11,410.05,59092.31
ITEM0971,Construction work item ITEM0971,m2,60.18,399.02,24013.02
ITEM0972,Construction work item ITEM0972,kg,154.69,566.92,87696.85
ITEM0973,Construction work item ITEM0973,m,20.53,341.45,7009.97
ITEM0974,Construction work item ITEM0974,kg,146.52,128.08,18766.28
ITEM0975,Construction work item ITEM0975,kg,257.76,291.68,75183.44
ITEM0976,Construction work item ITEM0976,m2,28.19,816.18,23008.11
ITEM0977,Construction work item ITEM0977,hr,175.34,476.14,83486.39
ITEM0978,Construction work item ITEM0978,kg,94.72,164.3,15562.5
ITEM0979,Construction work item ITEM0979,pcs,182.83,873.04,159617.9
ITEM0980,Construction work item ITEM0980,m2,175.97,797.56,140346.63
ITEM0981,Construction work item ITEM0981,m2,198.42,166.76,33088.52
ITEM0982,Construction work item ITEM0982,pcs,208.57,152.3,31765.21
ITEM0984,Construction work item ITEM0984,kg,138.24,444.09,61391.0
ITEM0985,Construction work item ITEM0985,pcs,101.27,728.77,73802.54
ITEM0986,Construction work item ITEM0986,hr,8.08,125.42,1013.39
ITEM0987,Construction work item ITEM0987,pcs,124.21,251.27,31210.25
ITEM0988,Construction work item ITEM0988,hr,157.94,379.75,59977.72
ITEM0989,Construction work item ITEM0989,m2,149.38,201.23,30059.74
ITEM0990,Construction work item ITEM0990,hr,181.37,765.11,138768.0
ITEM0991,Construction work item ITEM0991,m2,73.75,547.42,40372.22
ITEM0992,Construction work item ITEM0992,hr,60.4,161.43,9750.37
ITEM0993,Construction work item ITEM0993,m2,169.44,380.57,64483.78
ITEM0994,Construction work item ITEM0994,pcs,56.19,750.82,42188.58
ITEM0995,Construction work item ITEM0995,m,62.48,487.77,30475.87
ITEM0996,Construction work item ITEM0996,m,192.85,609.09,117463.01
ITEM0997,Construction work item ITEM0997,kg,153.81,177.36,27279.74
ITEM0998,Construction work item ITEM0998,hr,137.87,150.74,20782.52
ITEM0999,Construction work item ITEM0999,hr,159.29,358.63,57126.17
ITEM1000,Construction work item ITEM1000,kg,43.08,363.63,15665.18
ITEM1001,Construction work item ITEM1001,hr,146.84,342.88,50348.5
ITEM1002,Construction work item ITEM1002,pcs,205.92,729.02,150119.8
ITEM1003,Construction work item ITEM1003,hr,27.61,701.87,19378.63
ITEM1004,Construction work item ITEM1004,kg,167.15,379.18,63379.94
ITEM1005,Construction work item ITEM1005,hr,157.04,568.13,89219.14
ITEM1006,Construction work item ITEM1006,m,30.66,309.76,9497.24
ITEM1007,Construction work item ITEM1007,hr,71.8,305.36,21924.85
ITEM1008,Construction work item ITEM1008,kg,247.14,132.93,32852.32
ITEM1009,Construction work item ITEM1009,pcs,6.64,702.3,4663.27
ITEM1010,Construction work item ITEM1010,kg,170.61,409.46,69857.97
ITEM1011,Construction work item ITEM1011,m2,196.26,263.05,51626.19
ITEM1012,Construction work item ITEM1012,m,138.43,512.95,71007.67
ITEM1013,Construction work item ITEM1013,m2,225.81,850.09,191958.82
ITEM1015,Construction work item ITEM1015,hr,124.5,378.44,47115.78
ITEM1016,Construction work item ITEM1016,hr,246.05,293.83,72296.87
ITEM1017,Construction work item ITEM1017,kg,110.45,133.92,14791.46
ITEM1018,Construction work item ITEM1018,hr,126.79,280.2,35526.56
ITEM1019,Construction work item ITEM1019,kg,188.37,476.85,89824.23
ITEM1020,Construction work item ITEM1020,kg,167.15,609.96,101954.81
ITEM1021,Construction work item ITEM1021,m,13.3,416.55,5540.12
ITEM1022,Construction work item ITEM1022,m2,112.28,428.28,48087.28
ITEM1023,Construction work item ITEM1023,kg,198.18,587.09,116349.5
ITEM1024,Construction work item ITEM1024,hr,148.43,494.23,73358.56
ITEM1025,Construction work item ITEM1025,kg,120.14,107.03,12858.58
ITEM1026,Construction work item ITEM1026,hr,78.25,760.59,59516.17
ITEM1027,Construction work item ITEM1027,pcs,61.77,208.38,12871.63
ITEM1028,Construction work item ITEM1028,m,145.77,356.95,52032.6
ITEM1029,Construction work item ITEM1029,kg,143.69,266.82,38339.37
ITEM1030,Construction work item ITEM1030,kg,167.98,414.76,69671.38
ITEM1031,Construction work item ITEM1031,hr,196.74,808.01,158967.89
ITEM1032,Construction work item ITEM1032,hr,227.16,648.75,147370.05
ITEM1033,Construction work item ITEM1033,hr,76.83,549.66,42230.38
ITEM1034,Construction work item ITEM1034,m,261.24,41.12,10742.19
ITEM1035,Construction work item ITEM1035,m2,227.66,87.99,20031.8
ITEM1036,Construction work item ITEM1036,m2,236.97,781.25,185132.81
ITEM1037,Construction work item ITEM1037,pcs,242.93,103.49,25140.83
ITEM1038,Construction work item ITEM1038,m2,143.66,387.67,55692.67
ITEM1039,Construction work item ITEM1039,m,187.6,137.9,25870.04
ITEM1040,Construction work item ITEM1040,pcs,141.74,191.32,27117.7
ITEM1041,Construction work item ITEM1041,hr,171.89,128.44,22077.55
ITEM1042,Construction work item ITEM1042,hr,31.2,186.96,5833.15
ITEM1043,Construction work item ITEM1043,hr,73.61,458.28,33733.99
ITEM1044,Construction work item ITEM1044,kg,123.72,41.67,5155.41
ITEM1045,Construction work item ITEM1045,m2,120.4,294.62,35472.25
ITEM1046,Construction work item ITEM1046,m,35.27,321.91,11353.77
ITEM1047,Construction work item ITEM1047,kg,26.84,60.56,1625.43
ITEM1048,Construction work item ITEM1048,m2,82.22,473.95,38968.17
ITEM1049,Construction work item ITEM1049,m2,15.41,269.74,4156.69
ITEM1050,Construction work item ITEM1050,hr,62.0,296.55,18386.1
ITEM1051,Construction work item ITEM1051,m,190.63,621.71,118516.58
ITEM1052,Construction work item ITEM1052,pcs,11.93,559.98,6680.56
ITEM1053,Construction work item ITEM1053,pcs,23.83,414.01,9865.86
ITEM1054,Construction work item ITEM1054,m,51.56,77.66,4004.15
ITEM1055,Construction work item ITEM1055,hr,106.11,667.78,70858.14
ITEM1056,Construction work item ITEM1056,pcs,247.56,727.18,180020.68
ITEM1057,Construction work item ITEM1057,hr,16.33,687.03,11219.2
ITEM1058,Construction work item ITEM1058,pcs,194.54,518.49,100867.04
ITEM1059,Construction work item ITEM1059,kg,70.85,620.44,43958.17
ITEM1060,Construction work item ITEM1060,hr,141.5,717.41,101513.52
ITEM1061,Construction work item ITEM1061,pcs,188.18,202.95,38191.13
ITEM1062,Construction work item ITEM1062,kg,180.67,304.66,55042.92
ITEM1063,Construction work item ITEM1063,pcs,204.47,167.54,34256.9
ITEM1064,Construction work item ITEM1064,m2,19.53,83.44,1629.58
ITEM1065,Construction work item ITEM1065,kg,212.05,209.66,44458.4
ITEM1066,Construction work item ITEM1066,kg,151.88,422.98,64242.2
ITEM1067,Construction work item ITEM1067,pcs,128.46,114.42,14698.39
ITEM1068,Construction work item ITEM1068,m,98.31,537.77,52868.17
ITEM1069,Construction work item ITEM1069,hr,250.0,367.03,91757.5
ITEM1070,Construction work item ITEM1070,kg,151.21,502.35,75960.34
ITEM1071,Construction work item ITEM1071,hr,173.57,467.66,81171.75
ITEM1072,Construction work item ITEM1072,m2,96.39,542.41,52282.9
ITEM1073,Construction work item ITEM1073,pcs,82.96,665.82,55236.43
ITEM1074,Construction work item ITEM1074,pcs,82.69,362.49,29974.3
ITEM1075,Construction work item ITEM1075,kg,169.12,554.96,93854.84
ITEM1076,Construction work item ITEM1076,pcs,146.54,41.4,6066.76
ITEM1077,Construction work item ITEM1077,hr,65.41,678.08,44353.21
ITEM1078,Construction work item ITEM1078,kg,21.05,646.26,13603.77
ITEM1079,Construction work item ITEM1079,m2,189.59,492.73,93416.68
ITEM1080,Construction work item ITEM1080,m2,161.68,174.78,28258.43
ITEM1081,Construction work item ITEM1081,pcs,215.8,761.37,164303.65
ITEM1082,Construction work item ITEM1082,hr,228.52,166.14,37966.31
ITEM1083,Construction work item ITEM1083,pcs,176.13,615.54,108415.06
ITEM1084,Construction work item ITEM1084,m2,82.67,447.77,37017.15
ITEM1085,Construction work item ITEM1085,pcs,247.94,288.89,71627.39
ITEM1086,Construction work item ITEM1086,kg,142.96,94.65,13531.16
ITEM1087,Construction work item ITEM1087,pcs,83.01,757.08,62845.21
ITEM1088,Construction work item ITEM1088,kg,167.75,114.02,19126.86
ITEM1089,Construction work item ITEM1089,hr,77.51,639.36,49556.79
ITEM1090,Construction work item ITEM1090,m,114.28,685.05,78287.51
ITEM1091,Construction work item ITEM1091,m,102.93,118.11,12157.06
ITEM1092,Construction work item ITEM1092,m,178.96,523.66,93714.19
ITEM1093,Construction work item ITEM1093,kg,73.95,329.47,24364.31
ITEM1094,Construction work item ITEM1094,m,243.13,94.09,22876.1
ITEM1095,Construction work item ITEM1095,m2,122.0,155.65,18989.3
ITEM1096,Construction work item ITEM1096,pcs,126.09,231.3,29164.62
ITEM1097,Construction work item ITEM1097,m,252.84,617.25,156065.49
ITEM1098,Construction work item ITEM1098,pcs,150.16,428.34,64319.53
ITEM1099,Construction work item ITEM1099,pcs,11.58,122.97,1423.99
ITEM1100,Construction work item ITEM1100,kg,208.69,58.24,12154.11
ITEM1101,Construction work item ITEM1101,pcs,149.85,380.1,56957.98
ITEM1102,Construction work item ITEM1102,kg,53.29,617.87,32926.29
ITEM1103,Construction work item ITEM1103,pcs,115.39,510.87,58949.29
ITEM1104,Construction work item ITEM1104,pcs,26.15,206.22,5392.65
ITEM1105,Construction work item ITEM1105,kg,258.57,84.89,21950.01
ITEM1106,Construction work item ITEM1106,hr,205.73,93.28,19190.49
ITEM1107,Construction work item ITEM1107,hr,45.27,178.87,8097.44
ITEM1108,Construction work item ITEM1108,hr,237.79,36.33,8638.91
ITEM1109,Construction work item ITEM1109,m,190.24,574.83,109355.66
ITEM1110,Construction work item ITEM1110,m2,203.44,820.92,167007.96
ITEM1111,Construction work item ITEM1111,pcs,225.52,342.7,77285.7
ITEM1112,Construction work item ITEM1112,pcs,56.09,500.67,28082.58
ITEM1113,Construction work item ITEM1113,pcs,20.91,48.5,1014.14
ITEM1114,Construction work item ITEM1114,hr,160.23,260.72,41775.17
ITEM1115,Construction work item ITEM1115,hr,6.78,101.47,687.97
ITEM1116,Construction work item ITEM1116,m2,244.23,30.44,7434.36
ITEM1117,Construction work item ITEM1117,m,187.18,74.05,13860.68
ITEM1118,Construction work item ITEM1118,m,208.95,655.01,136864.34
ITEM1119,Construction work item ITEM1119,m2,50.22,647.76,32530.51
ITEM1120,Construction work item ITEM1120,kg,103.76,427.88,44396.83
ITEM1121,Construction work item ITEM1121,m2,32.84,451.9,14840.4
ITEM1122,Construction work item ITEM1122,hr,154.96,248.44,38498.26
ITEM1123,Construction work item ITEM1123,m2,86.91,171.41,14897.24
ITEM1124,Construction work item ITEM1124,kg,5.65,284.81,1609.18
ITEM1125,Construction work item ITEM1125,pcs,76.07,618.34,47037.12
ITEM1126,Construction work item ITEM1126,pcs,25.31,655.25,16584.38
ITEM1127,Construction work item ITEM1127,kg,203.24,108.59,22069.83
ITEM1128,Construction work item ITEM1128,pcs,92.44,666.77,61636.22
ITEM1129,Construction work item ITEM1129,m2,29.64,683.05,20245.6
ITEM1130,Construction work item ITEM1130,kg,44.25,391.45,17321.66
ITEM1131,Construction work item ITEM1131,hr,84.2,487.67,41061.81
ITEM1132,Construction work item ITEM1132,m2,165.88,215.24,35704.01
ITEM1133,Construction work item ITEM1133,m,37.83,133.71,5058.25
ITEM1134,Construction work item ITEM1134,hr,77.59,293.49,22771.89
ITEM1135,Construction work item ITEM1135,hr,239.9,592.97,142253.5
ITEM1136,Construction work item ITEM1136,hr,160.58,783.93,125883.48
ITEM1137,Construction work item ITEM1137,hr,218.04,119.05,25957.66
ITEM1138,Construction work item ITEM1138,m2,189.25,263.35,49838.99
ITEM1139,Construction work item ITEM1139,hr,22.89,567.34,12986.41
ITEM1140,Construction work item ITEM1140,pcs,36.0,279.97,10078.92
ITEM1141,Construction work item ITEM1141,m2,193.46,402.3,77828.96
ITEM1142,Construction work item ITEM1142,m,187.74,814.57,152927.37
ITEM1143,Construction work item ITEM1143,m2,25.27,405.53,10247.74
ITEM1144,Construction work item ITEM1144,pcs,23.7,730.83,17320.67
ITEM1145,Construction work item ITEM1145,kg,59.63,451.09,26898.5
ITEM1146,Construction work item ITEM1146,hr,37.97,479.34,18200.54
ITEM1147,Construction work item ITEM1147,hr,32.15,329.33,10587.96
ITEM1148,Construction work item ITEM1148,kg,170.82,760.65,129934.23
ITEM1149,Construction work item ITEM1149,m,197.39,452.52,89322.92
ITEM1150,Construction work item ITEM1150,hr,94.66,569.92,53948.63
ITEM1151,Construction work item ITEM1151,m2,96.64,679.53,65669.78
ITEM1152,Construction work item ITEM1152,kg,129.29,46.48,6009.4
ITEM1153,Construction work item ITEM1153,m2,61.17,199.12,12180.17
ITEM1154,Construction work item ITEM1154,m,25.76,74.78,1926.33
ITEM1155,Construction work item ITEM1155,pcs,159.56,305.52,48748.77
ITEM1156,Construction work item ITEM1156,kg,34.76,518.54,18024.45
ITEM1157,Construction work item ITEM1157,hr,155.52,320.63,49864.38
ITEM1158,Construction work item ITEM1158,m2,101.02,429.01,43338.59
ITEM1160,Construction work item ITEM1160,pcs,77.92,81.33,6337.23
ITEM1161,Construction work item ITEM1161,hr,168.03,665.96,111901.26
ITEM1162,Construction work item ITEM1162,m2,159.21,593.3,94459.29
ITEM1163,Construction work item ITEM1163,kg,188.12,682.16,128327.94
ITEM1164,Construction work item ITEM1164,m2,166.35,549.83,91464.22
ITEM1165,Construction work item ITEM1165,m,251.29,759.25,190791.93
ITEM1166,Construction work item ITEM1166,hr,81.16,473.34,38416.27
ITEM1167,Construction work item ITEM1167,kg,102.9,359.37,36979.17
ITEM1168,Construction work item ITEM1168,kg,153.32,82.13,12592.17
ITEM1169,Construction work item ITEM1169,kg,129.3,60.22,7786.45
ITEM1170,Construction work item ITEM1170,kg,208.71,92.98,19405.86
ITEM1171,Construction work item ITEM1171,pcs,231.97,349.77,81136.15
ITEM1172,Construction work item ITEM1172,m2,106.41,494.0,52566.54
ITEM1173,Construction work item ITEM1173,m,161.12,408.53,65822.35
ITEM1174,Construction work item ITEM1174,kg,112.48,286.98,32279.51
ITEM1175,Construction work item ITEM1175,m,124.17,15.38,1909.73
ITEM1176,Construction work item ITEM1176,m,241.98,879.11,212727.04
ITEM1177,Construction work item ITEM1177,kg,46.92,774.83,36355.02
ITEM1178,Construction work item ITEM1178,pcs,2.8,405.82,1136.3
ITEM1179,Construction work item ITEM1179,m,36.2,40.83,1478.05
ITEM1180,Construction work item ITEM1180,kg,151.4,650.26,98449.36
ITEM1181,Construction work item ITEM1181,m,88.27,326.22,28795.44
ITEM1182,Construction work item ITEM1182,kg,131.51,697.91,91782.14
ITEM1183,Construction work item ITEM1183,hr,19.04,173.61,3305.53
ITEM1184,Construction work item ITEM1184,pcs,32.06,193.74,6211.3
ITEM1185,Construction work item ITEM1185,m2,239.95,806.77,193584.46
ITEM1186,Construction work item ITEM1186,m,162.35,179.1,29076.88
ITEM1187,Construction work item ITEM1187,m,213.01,184.01,39195.97
ITEM1188,Construction work item ITEM1188,hr,214.33,605.57,129791.82
ITEM1189,Construction work item ITEM1189,hr,35.33,199.82,7059.64
ITEM1190,Construction work item ITEM1190,m,8.42,463.57,3903.26
ITEM1191,Construction work item ITEM1191,m2,60.02,132.49,7952.05
ITEM1192,Construction work item ITEM1192,kg,14.31,697.08,9975.21
ITEM1193,Construction work item ITEM1193,m,7.59,397.9,3020.06
ITEM1195,Construction work item ITEM1195,m2,100.77,163.22,16447.68
ITEM1196,Construction work item ITEM1196,pcs,13.5,420.38,5675.13
ITEM1197,Construction work item ITEM1197,hr,231.96,683.83,158621.21
ITEM1198,Construction work item ITEM1198,m,11.78,851.4,10029.49
ITEM1199,Construction work item ITEM1199,m2,107.82,247.03,26634.77
ITEM1200,Construction work item ITEM1200,m2,251.63,68.72,17292.01
SUPPLIER_BETA_EXTRA_001,Additional scope item SUPPLIER_BETA_EXTRA_001,pcs,11.56,571.71,6608.97
SUPPLIER_BETA_EXTRA_002,Additional scope item SUPPLIER_BETA_EXTRA_002,pcs,116.41,195.7,22781.44
SUPPLIER_BETA_EXTRA_003,Additional scope item SUPPLIER_BETA_EXTRA_003,m,72.1,85.01,6129.22
SUPPLIER_BETA_EXTRA_004,Additional scope item SUPPLIER_BETA_EXTRA_004,pcs,107.64,59.38,6391.66
SUPPLIER_BETA_EXTRA_005,Additional scope item SUPPLIER_BETA_EXTRA_005,hr,6.87,231.1,1587.66
SUPPLIER_BETA_EXTRA_006,Additional scope item SUPPLIER_BETA_EXTRA_006,m2,29.53,106.97,3158.82
SUPPLIER_BETA_EXTRA_007,Additional scope item SUPPLIER_BETA_EXTRA_007,m,80.12,87.0,6970.44
SUPPLIER_BETA_EXTRA_008,Additional scope item SUPPLIER_BETA_EXTRA_008,m2,53.82,424.3,22835.83
SUPPLIER_BETA_EXTRA_009,Additional scope item SUPPLIER_BETA_EXTRA_009,hr,23.77,520.36,12368.96
SUPPLIER_BETA_EXTRA_010,Additional scope item SUPPLIER_BETA_EXTRA_010,pcs,56.78,14.47,821.61
SUPPLIER_BETA_EXTRA_011,Additional scope item SUPPLIER_BETA_EXTRA_011,pcs,98.3,311.57,30627.33
SUPPLIER_BETA_EXTRA_012,Additional scope item SUPPLIER_BETA_EXTRA_012,pcs,126.02,277.43,34961.73
SUPPLIER_BETA_EXTRA_013,Additional scope item SUPPLIER_BETA_EXTRA_013,m2,89.91,37.8,3398.6
SUPPLIER_BETA_EXTRA_014,Additional scope item SUPPLIER_BETA_EXTRA_014,kg,97.62,139.13,13581.87
SUPPLIER_BETA_EXTRA_015,Additional scope item SUPPLIER_BETA_EXTRA_015,m,131.78,567.47,74781.2
SUPPLIER_BETA_EXTRA_016,Additional scope item SUPPLIER_BETA_EXTRA_016,pcs,145.58,476.05,69303.36
SUPPLIER_BETA_EXTRA_017,Additional scope item SUPPLIER_BETA_EXTRA_017,kg,43.96,472.82,20785.17
SUPPLIER_BETA_EXTRA_018,Additional scope item SUPPLIER_BETA_EXTRA_018,m2,52.86,223.99,11840.11
SUPPLIER_BETA_EXTRA_019,Additional scope item SUPPLIER_BETA_EXTRA_019,hr,56.14,245.32,13772.26
SUPPLIER_BETA_EXTRA_020,Additional scope item SUPPLIER_BETA_EXTRA_020,hr,86.71,382.0,33123.22
